"Munic√≠pio";"2010";"Total"
"110001 ALTA FLORESTA D'OESTE";6;6
"110002 ARIQUEMES";32;32
"110003 CABIXI";1;1
"110004 CACOAL";16;16
"110005 CEREJEIRAS";1;1
"110006 COLORADO DO OESTE";2;2
"110007 CORUMBIARA";1;1
"110008 COSTA MARQUES";1;1
"110009 ESPIGAO D'OESTE";4;4
"110010 GUAJARA-MIRIM";15;15
"110011 JARU";9;9
"110012 JI-PARANA";36;36
"110013 MACHADINHO D'OESTE";3;3
"110014 NOVA BRASILANDIA D'OESTE";3;3
"110015 OURO PRETO DO OESTE";5;5
"110018 PIMENTA BUENO";8;8
"110020 PORTO VELHO";349;349
"110025 PRESIDENTE MEDICI";2;2
"110028 ROLIM DE MOURA";2;2
"110030 VILHENA";30;30
"110033 NOVA MAMORE";4;4
"110034 ALVORADA D'OESTE";1;1
"110040 ALTO PARAISO";2;2
"110045 BURITIS";2;2
"110094 CUJUBIM";1;1
"110100 GOVERNADOR JORGE TEIXEIRA";1;1
"110110 ITAPUA DO OESTE";1;1
"110145 PARECIS";1;1
"110150 SERINGUEIRAS";1;1
"120001 ACRELANDIA";1;1
"120010 BRASILEIA";7;7
"120020 CRUZEIRO DO SUL";46;46
"120025 EPITACIOLANDIA";3;3
"120030 FEIJO";13;13
"120032 JORDAO";10;10
"120033 MANCIO LIMA";2;2
"120034 MANOEL URBANO";2;2
"120035 MARECHAL THAUMATURGO";3;3
"120038 PLACIDO DE CASTRO";3;3
"120039 PORTO WALTER";1;1
"120040 RIO BRANCO";221;221
"120042 RODRIGUES ALVES";1;1
"120043 SANTA ROSA DO PURUS";3;3
"120045 SENADOR GUIOMARD";2;2
"120050 SENA MADUREIRA";8;8
"120060 TARAUACA";21;21
"120070 XAPURI";6;6
"130002 ALVARAES";9;9
"130006 AMATURA";3;3
"130008 ANAMA";2;2
"130010 ANORI";3;3
"130014 APUI";2;2
"130020 ATALAIA DO NORTE";10;10
"130030 AUTAZES";14;14
"130040 BARCELOS";4;4
"130050 BARREIRINHA";6;6
"130060 BENJAMIN CONSTANT";33;33
"130063 BERURI";4;4
"130068 BOA VISTA DO RAMOS";1;1
"130070 BOCA DO ACRE";4;4
"130080 BORBA";8;8
"130090 CANUTAMA";3;3
"130100 CARAUARI";19;19
"130110 CAREIRO";2;2
"130115 CAREIRO DA VARZEA";2;2
"130120 COARI";25;25
"130130 CODAJAS";11;11
"130140 EIRUNEPE";45;45
"130150 ENVIRA";14;14
"130160 FONTE BOA";5;5
"130165 GUAJARA";3;3
"130170 HUMAITA";6;6
"130180 IPIXUNA";4;4
"130185 IRANDUBA";9;9
"130190 ITACOATIARA";23;23
"130195 ITAMARATI";2;2
"130200 ITAPIRANGA";3;3
"130210 JAPURA";1;1
"130220 JURUA";1;1
"130230 JUTAI";3;3
"130240 LABREA";13;13
"130250 MANACAPURU";25;25
"130255 MANAQUIRI";1;1
"130260 MANAUS";789;789
"130270 MANICORE";15;15
"130280 MARAA";8;8
"130290 MAUES";21;21
"130300 NHAMUNDA";2;2
"130310 NOVA OLINDA DO NORTE";16;16
"130320 NOVO AIRAO";1;1
"130330 NOVO ARIPUANA";5;5
"130340 PARINTINS";43;43
"130350 PAUINI";4;4
"130353 PRESIDENTE FIGUEIREDO";3;3
"130356 RIO PRETO DA EVA";7;7
"130360 SANTA ISABEL DO RIO NEGRO";9;9
"130370 SANTO ANTONIO DO ICA";13;13
"130380 SAO GABRIEL DA CACHOEIRA";41;41
"130390 SAO PAULO DE OLIVENCA";20;20
"130395 SAO SEBASTIAO DO UATUMA";1;1
"130400 SILVES";1;1
"130406 TABATINGA";59;59
"130410 TAPAUA";7;7
"130420 TEFE";40;40
"130423 TONANTINS";2;2
"130426 UARINI";15;15
"130430 URUCARA";1;1
"140002 AMAJARI";2;2
"140005 ALTO ALEGRE";2;2
"140010 BOA VISTA";138;138
"140015 BONFIM";1;1
"140017 CANTA";2;2
"140023 CAROEBE";2;2
"140028 IRACEMA";1;1
"140040 NORMANDIA";1;1
"140045 PACARAIMA";4;4
"140047 RORAINOPOLIS";3;3
"140050 SAO JOAO DA BALIZA";1;1
"140070 UIRAMUTA";1;1
"150010 ABAETETUBA";32;32
"150020 ACARA";3;3
"150030 AFUA";3;3
"150040 ALENQUER";26;26
"150050 ALMEIRIM";11;11
"150060 ALTAMIRA";97;97
"150070 ANAJAS";9;9
"150080 ANANINDEUA";97;97
"150085 ANAPU";9;9
"150090 AUGUSTO CORREA";5;5
"150095 AURORA DO PARA";2;2
"150100 AVEIRO";3;3
"150110 BAGRE";6;6
"150120 BAIAO";3;3
"150130 BARCARENA";17;17
"150140 BELEM";1028;1028
"150145 BELTERRA";2;2
"150150 BENEVIDES";2;2
"150157 BOM JESUS DO TOCANTINS";2;2
"150170 BRAGANCA";80;80
"150172 BRASIL NOVO";1;1
"150175 BREJO GRANDE DO ARAGUAIA";1;1
"150178 BREU BRANCO";3;3
"150180 BREVES";71;71
"150190 BUJARU";1;1
"150195 CACHOEIRA DO PIRIA";2;2
"150200 CACHOEIRA DO ARARI";2;2
"150210 CAMETA";73;73
"150215 CANAA DOS CARAJAS";7;7
"150220 CAPANEMA";27;27
"150230 CAPITAO POCO";11;11
"150240 CASTANHAL";55;55
"150270 CONCEICAO DO ARAGUAIA";5;5
"150275 CONCORDIA DO PARA";7;7
"150276 CUMARU DO NORTE";1;1
"150277 CURIONOPOLIS";7;7
"150280 CURRALINHO";8;8
"150285 CURUA";1;1
"150290 CURUCA";1;1
"150293 DOM ELISEU";13;13
"150295 ELDORADO DOS CARAJAS";6;6
"150304 FLORESTA DO ARAGUAIA";2;2
"150307 GARRAFAO DO NORTE";4;4
"150309 GOIANESIA DO PARA";5;5
"150310 GURUPA";7;7
"150320 IGARAPE-ACU";3;3
"150330 IGARAPE-MIRI";16;16
"150345 IPIXUNA DO PARA";9;9
"150350 IRITUIA";1;1
"150360 ITAITUBA";52;52
"150370 ITUPIRANGA";6;6
"150375 JACAREACANGA";20;20
"150380 JACUNDA";16;16
"150390 JURUTI";23;23
"150400 LIMOEIRO DO AJURU";3;3
"150405 MAE DO RIO";9;9
"150420 MARABA";158;158
"150430 MARACANA";3;3
"150440 MARAPANIM";1;1
"150442 MARITUBA";21;21
"150445 MEDICILANDIA";3;3
"150450 MELGACO";6;6
"150460 MOCAJUBA";8;8
"150470 MOJU";15;15
"150480 MONTE ALEGRE";27;27
"150490 MUANA";12;12
"150495 NOVA ESPERANCA DO PIRIA";8;8
"150497 NOVA IPIXUNA";2;2
"150503 NOVO PROGRESSO";21;21
"150506 NOVO REPARTIMENTO";9;9
"150510 OBIDOS";20;20
"150520 OEIRAS DO PARA";13;13
"150530 ORIXIMINA";21;21
"150540 OUREM";2;2
"150543 OURILANDIA DO NORTE";11;11
"150548 PACAJA";11;11
"150549 PALESTINA DO PARA";2;2
"150550 PARAGOMINAS";36;36
"150553 PARAUAPEBAS";53;53
"150555 PAU D'ARCO";2;2
"150563 PICARRA";2;2
"150565 PLACAS";4;4
"150570 PONTA DE PEDRAS";2;2
"150580 PORTEL";18;18
"150590 PORTO DE MOZ";9;9
"150600 PRAINHA";7;7
"150610 PRIMAVERA";1;1
"150613 REDENCAO";64;64
"150616 RIO MARIA";2;2
"150618 RONDON DO PARA";17;17
"150619 RUROPOLIS";4;4
"150620 SALINOPOLIS";7;7
"150630 SALVATERRA";9;9
"150650 SANTA IZABEL DO PARA";12;12
"150655 SANTA LUZIA DO PARA";1;1
"150658 SANTA MARIA DAS BARREIRAS";1;1
"150670 SANTANA DO ARAGUAIA";6;6
"150680 SANTAREM";180;180
"150690 SANTAREM NOVO";1;1
"150700 SANTO ANTONIO DO TAUA";1;1
"150710 SAO CAETANO DE ODIVELAS";2;2
"150715 SAO DOMINGOS DO ARAGUAIA";1;1
"150720 SAO DOMINGOS DO CAPIM";2;2
"150730 SAO FELIX DO XINGU";17;17
"150745 SAO GERALDO DO ARAGUAIA";5;5
"150747 SAO JOAO DE PIRABAS";1;1
"150760 SAO MIGUEL DO GUAMA";8;8
"150770 SAO SEBASTIAO DA BOA VISTA";12;12
"150775 SAPUCAIA";1;1
"150780 SENADOR JOSE PORFIRIO";3;3
"150790 SOURE";8;8
"150795 TAILANDIA";23;23
"150796 TERRA ALTA";1;1
"150797 TERRA SANTA";2;2
"150800 TOME-ACU";22;22
"150803 TRACUATEUA";3;3
"150805 TRAIRAO";2;2
"150808 TUCUMA";11;11
"150810 TUCURUI";116;116
"150812 ULIANOPOLIS";7;7
"150815 URUARA";15;15
"150820 VIGIA";5;5
"150830 VISEU";12;12
"150840 XINGUARA";7;7
"160015 PEDRA BRANCA DO AMAPARI";2;2
"160021 CUTIAS";1;1
"160023 FERREIRA GOMES";1;1
"160027 LARANJAL DO JARI";23;23
"160030 MACAPA";273;273
"160040 MAZAGAO";2;2
"160050 OIAPOQUE";7;7
"160053 PORTO GRANDE";3;3
"160060 SANTANA";34;34
"160070 TARTARUGALZINHO";2;2
"170035 ALIANCA DO TOCANTINS";2;2
"170040 ALMAS";1;1
"170070 ALVORADA";1;1
"170100 ANANAS";1;1
"170130 ARAGOMINAS";1;1
"170190 ARAGUACEMA";1;1
"170200 ARAGUACU";1;1
"170210 ARAGUAINA";114;114
"170220 ARAGUATINS";4;4
"170230 ARAPOEMA";1;1
"170240 ARRAIAS";7;7
"170255 AUGUSTINOPOLIS";28;28
"170307 BARRA DO OURO";1;1
"170330 BOM JESUS DO TOCANTINS";1;1
"170360 BRASILANDIA DO TOCANTINS";1;1
"170384 CAMPOS LINDOS";3;3
"170390 CASEARA";1;1
"170410 CENTENARIO";1;1
"170510 CHAPADA DA NATIVIDADE";1;1
"170550 COLINAS DO TOCANTINS";11;11
"170600 COUTO MAGALHAES";3;3
"170700 DIANOPOLIS";8;8
"170740 ESPERANTINA";1;1
"170770 FILADELFIA";1;1
"170820 FORMOSO DO ARAGUAIA";1;1
"170900 GOIATINS";1;1
"170930 GUARAI";7;7
"170950 GURUPI";35;35
"171050 ITACAJA";2;2
"171320 MIRACEMA DO TOCANTINS";9;9
"171330 MIRANORTE";1;1
"171360 MONTE DO CARMO";1;1
"171395 MURICILANDIA";1;1
"171500 NOVA ROSALANDIA";1;1
"171610 PARAISO DO TOCANTINS";7;7
"171650 PEDRO AFONSO";8;8
"171750 PIUM";1;1
"171790 PONTE ALTA DO TOCANTINS";1;1
"171800 PORTO ALEGRE DO TOCANTINS";1;1
"171820 PORTO NACIONAL";18;18
"171850 RECURSOLANDIA";2;2
"171890 SANTA ROSA DO TOCANTINS";2;2
"172000 SANTA TEREZINHA DO TOCANTINS";1;1
"172010 SAO BENTO DO TOCANTINS";2;2
"172049 SAO VALERIO";1;1
"172090 TAGUATINGA";9;9
"172100 PALMAS";145;145
"172110 TOCANTINIA";2;2
"172120 TOCANTINOPOLIS";8;8
"172130 TUPIRATINS";1;1
"172208 WANDERLANDIA";1;1
"172210 XAMBIOA";5;5
"210005 ACAILANDIA";15;15
"210010 AFONSO CUNHA";1;1
"210015 AGUA DOCE DO MARANHAO";1;1
"210020 ALCANTARA";3;3
"210030 ALDEIAS ALTAS";1;1
"210040 ALTAMIRA DO MARANHAO";3;3
"210047 ALTO ALEGRE DO PINDARE";4;4
"210050 ALTO PARNAIBA";1;1
"210060 AMARANTE DO MARANHAO";9;9
"210080 ANAPURUS";1;1
"210083 APICUM-ACU";2;2
"210087 ARAGUANA";1;1
"210090 ARAIOSES";1;1
"210095 ARAME";1;1
"210100 ARARI";4;4
"210110 AXIXA";2;2
"210120 BACABAL";35;35
"210135 BACURITUBA";1;1
"210140 BALSAS";31;31
"210150 BARAO DE GRAJAU";2;2
"210160 BARRA DO CORDA";43;43
"210170 BARREIRINHAS";9;9
"210173 BELAGUA";2;2
"210197 BOA VISTA DO GURUPI";2;2
"210200 BOM JARDIM";4;4
"210210 BREJO";3;3
"210215 BREJO DE AREIA";1;1
"210220 BURITI";9;9
"210230 BURITI BRAVO";2;2
"210232 BURITICUPU";6;6
"210240 CAJAPIO";4;4
"210250 CAJARI";3;3
"210270 CANTANHEDE";2;2
"210275 CAPINZAL DO NORTE";2;2
"210290 CARUTAPERA";6;6
"210300 CAXIAS";183;183
"210317 CENTRO NOVO DO MARANHAO";1;1
"210320 CHAPADINHA";52;52
"210330 CODO";25;25
"210340 COELHO NETO";10;10
"210350 COLINAS";11;11
"210360 COROATA";10;10
"210370 CURURUPU";39;39
"210375 DAVINOPOLIS";1;1
"210380 DOM PEDRO";1;1
"210390 DUQUE BACELAR";1;1
"210400 ESPERANTINOPOLIS";6;6
"210405 ESTREITO";1;1
"210407 FEIRA NOVA DO MARANHAO";1;1
"210408 FERNANDO FALCAO";6;6
"210409 FORMOSA DA SERRA NEGRA";4;4
"210410 FORTALEZA DOS NOGUEIRAS";3;3
"210420 FORTUNA";1;1
"210440 GONCALVES DIAS";2;2
"210450 GOVERNADOR ARCHER";3;3
"210462 GOVERNADOR LUIZ ROCHA";1;1
"210465 GOVERNADOR NEWTON BELLO";1;1
"210467 GOVERNADOR NUNES FREIRE";26;26
"210470 GRACA ARANHA";1;1
"210480 GRAJAU";10;10
"210500 HUMBERTO DE CAMPOS";8;8
"210520 IGARAPE GRANDE";1;1
"210530 IMPERATRIZ";316;316
"210535 ITAIPAVA DO GRAJAU";4;4
"210540 ITAPECURU MIRIM";15;15
"210542 ITINGA DO MARANHAO";7;7
"210560 JOSELANDIA";2;2
"210565 JUNCO DO MARANHAO";1;1
"210570 LAGO DA PEDRA";14;14
"210580 LAGO DO JUNCO";1;1
"210590 LAGO VERDE";2;2
"210592 LAGOA DO MATO";1;1
"210594 LAGO DOS RODRIGUES";1;1
"210596 LAGOA GRANDE DO MARANHAO";1;1
"210598 LAJEADO NOVO";1;1
"210600 LIMA CAMPOS";2;2
"210610 LORETO";3;3
"210630 MAGALHAES DE ALMEIDA";2;2
"210637 MARANHAOZINHO";1;1
"210640 MATA ROMA";1;1
"210660 MATOES";1;1
"210663 MATOES DO NORTE";1;1
"210667 MILAGRES DO MARANHAO";1;1
"210670 MIRADOR";5;5
"210675 MIRANDA DO NORTE";3;3
"210680 MIRINZAL";3;3
"210690 MONCAO";2;2
"210700 MONTES ALTOS";1;1
"210710 MORROS";4;4
"210720 NINA RODRIGUES";3;3
"210725 NOVA COLINAS";1;1
"210735 NOVA OLINDA DO MARANHAO";1;1
"210740 OLHO D'AGUA DAS CUNHAS";1;1
"210745 OLINDA NOVA DO MARANHAO";2;2
"210750 PACO DO LUMIAR";2;2
"210760 PALMEIRANDIA";1;1
"210790 PASSAGEM FRANCA";4;4
"210800 PASTOS BONS";1;1
"210805 PAULINO NEVES";1;1
"210810 PAULO RAMOS";7;7
"210820 PEDREIRAS";10;10
"210825 PEDRO DO ROSARIO";5;5
"210830 PENALVA";6;6
"210840 PERI MIRIM";1;1
"210845 PERITORO";1;1
"210850 PINDARE-MIRIM";2;2
"210860 PINHEIRO";53;53
"210870 PIO XII";8;8
"210880 PIRAPEMAS";7;7
"210890 POCAO DE PEDRAS";1;1
"210900 PORTO FRANCO";2;2
"210910 PRESIDENTE DUTRA";18;18
"210930 PRESIDENTE VARGAS";1;1
"210940 PRIMEIRA CRUZ";1;1
"210945 RAPOSA";1;1
"210950 RIACHAO";3;3
"210960 ROSARIO";5;5
"210970 SAMBAIBA";1;1
"210980 SANTA HELENA";2;2
"210990 SANTA INES";29;29
"211000 SANTA LUZIA";5;5
"211003 SANTA LUZIA DO PARUA";2;2
"211010 SANTA QUITERIA DO MARANHAO";10;10
"211020 SANTA RITA";2;2
"211040 SAO BENEDITO DO RIO PRETO";4;4
"211050 SAO BENTO";6;6
"211060 SAO BERNARDO";4;4
"211065 SAO DOMINGOS DO AZEITAO";3;3
"211070 SAO DOMINGOS DO MARANHAO";1;1
"211080 SAO FELIX DE BALSAS";1;1
"211090 SAO FRANCISCO DO MARANHAO";3;3
"211100 SAO JOAO BATISTA";2;2
"211102 SAO JOAO DO CARU";2;2
"211110 SAO JOAO DOS PATOS";5;5
"211120 SAO JOSE DE RIBAMAR";7;7
"211125 SAO JOSE DOS BASILIOS";1;1
"211130 SAO LUIS";758;758
"211140 SAO LUIS GONZAGA DO MARANHAO";1;1
"211150 SAO MATEUS DO MARANHAO";1;1
"211153 SAO PEDRO DA AGUA BRANCA";1;1
"211167 SAO ROBERTO";1;1
"211170 SAO VICENTE FERRER";3;3
"211174 SENADOR ALEXANDRE COSTA";1;1
"211178 SERRANO DO MARANHAO";1;1
"211180 SITIO NOVO";4;4
"211210 TIMBIRAS";1;1
"211220 TIMON";21;21
"211223 TRIZIDELA DO VALE";2;2
"211227 TUFILANDIA";1;1
"211230 TUNTUM";3;3
"211240 TURIACU";4;4
"211250 TUTOIA";9;9
"211260 URBANO SANTOS";1;1
"211270 VARGEM GRANDE";17;17
"211280 VIANA";17;17
"211285 VILA NOVA DOS MARTIRIOS";2;2
"211290 VITORIA DO MEARIM";11;11
"211300 VITORINO FREIRE";7;7
"211400 ZE DOCA";13;13
"220030 ALTO LONGA";1;1
"220040 ALTOS";1;1
"220050 AMARANTE";1;1
"220105 ASSUNCAO DO PIAUI";2;2
"220110 AVELINO LOPES";4;4
"220115 BAIXA GRANDE DO RIBEIRO";2;2
"220120 BARRAS";4;4
"220140 BARRO DURO";1;1
"220150 BATALHA";2;2
"220160 BENEDITINOS";2;2
"220173 BETANIA DO PIAUI";1;1
"220190 BOM JESUS";15;15
"220200 BURITI DOS LOPES";1;1
"220205 CABECEIRAS DO PIAUI";1;1
"220210 CAMPINAS DO PIAUI";1;1
"220211 CAMPO ALEGRE DO FIDALGO";1;1
"220220 CAMPO MAIOR";5;5
"220225 CANAVIEIRA";3;3
"220230 CANTO DO BURITI";3;3
"220260 CASTELO DO PIAUI";3;3
"220270 COCAL";5;5
"220273 COIVARAS";1;1
"220275 COLONIA DO GURGUEIA";1;1
"220280 CONCEICAO DO CANINDE";2;2
"220290 CORRENTE";11;11
"220300 CRISTALANDIA DO PIAUI";1;1
"220320 CURIMATA";2;2
"220342 DOMINGOS MOURAO";1;1
"220345 DOM INOCENCIO";1;1
"220350 ELESBAO VELOSO";2;2
"220370 ESPERANTINA";6;6
"220380 FLORES DO PIAUI";2;2
"220390 FLORIANO";18;18
"220410 FRANCISCO AYRES";1;1
"220415 FRANCISCO MACEDO";1;1
"220430 FRONTEIRAS";1;1
"220440 GILBUES";4;4
"220455 GUARIBAS";1;1
"220460 HUGO NAPOLEAO";1;1
"220465 ILHA GRANDE";1;1
"220470 INHUMA";1;1
"220490 ISAIAS COELHO";1;1
"220510 ITAUEIRA";3;3
"220520 JAICOS";2;2
"220540 JOAQUIM PIRES";1;1
"220550 JOSE DE FREITAS";3;3
"220552 JULIO BORGES";1;1
"220553 JUREMA";1;1
"220555 LAGOA ALEGRE";2;2
"220560 LANDRI SALES";1;1
"220570 LUIS CORREIA";2;2
"220580 LUZILANDIA";6;6
"220585 MADEIRO";1;1
"220590 MANOEL EMIDIO";1;1
"220595 MARCOLANDIA";1;1
"220600 MARCOS PARENTE";1;1
"220620 MIGUEL ALVES";4;4
"220660 MONTE ALEGRE DO PIAUI";2;2
"220665 MORRO CABECA NO TEMPO";2;2
"220670 NAZARE DO PIAUI";2;2
"220680 NOSSA SENHORA DOS REMEDIOS";2;2
"220700 OEIRAS";6;6
"220750 PALMEIRAIS";4;4
"220770 PARNAIBA";106;106
"220775 PASSAGEM FRANCA DO PIAUI";1;1
"220777 PATOS DO PIAUI";1;1
"220780 PAULISTANA";10;10
"220790 PEDRO II";7;7
"220800 PICOS";68;68
"220810 PIMENTEIRAS";1;1
"220820 PIO IX";3;3
"220830 PIRACURUCA";3;3
"220840 PIRIPIRI";9;9
"220850 PORTO";2;2
"220865 QUEIMADA NOVA";1;1
"220870 REDENCAO DO GURGUEIA";1;1
"220885 RIACHO FRIO";2;2
"220890 RIBEIRO GONCALVES";1;1
"220900 RIO GRANDE DO PIAUI";1;1
"220910 SANTA CRUZ DO PIAUI";1;1
"220920 SANTA FILOMENA";5;5
"220935 SANTANA DO PIAUI";1;1
"220945 SANTO ANTONIO DOS MILAGRES";1;1
"220975 SAO GONCALO DO GURGUEIA";1;1
"220987 SAO JOAO DA FRONTEIRA";2;2
"220990 SAO JOAO DA SERRA";1;1
"221000 SAO JOAO DO PIAUI";6;6
"221039 SAO MIGUEL DO FIDALGO";1;1
"221040 SAO MIGUEL DO TAPUIO";2;2
"221050 SAO PEDRO DO PIAUI";1;1
"221060 SAO RAIMUNDO NONATO";12;12
"221065 SIGEFREDO PACHECO";3;3
"221070 SIMOES";2;2
"221080 SIMPLICIO MENDES";2;2
"221090 SOCORRO DO PIAUI";1;1
"221093 SUSSUAPARA";1;1
"221100 TERESINA";631;631
"221110 UNIAO";6;6
"221120 URUCUI";1;1
"221130 VALENCA DO PIAUI";5;5
"221135 VARZEA BRANCA";1;1
"221140 VARZEA GRANDE";1;1
"221170 WALL FERRAZ";1;1
"230010 ABAIARA";2;2
"230020 ACARAU";5;5
"230030 ACOPIARA";9;9
"230040 AIUABA";2;2
"230050 ALCANTARAS";1;1
"230070 ALTO SANTO";1;1
"230075 AMONTADA";1;1
"230080 ANTONINA DO NORTE";1;1
"230090 APUIARES";2;2
"230100 AQUIRAZ";5;5
"230110 ARACATI";13;13
"230120 ARACOIABA";2;2
"230130 ARARIPE";3;3
"230140 ARATUBA";2;2
"230170 AURORA";1;1
"230185 BANABUIU";1;1
"230190 BARBALHA";98;98
"230210 BATURITE";5;5
"230220 BEBERIBE";3;3
"230230 BELA CRUZ";1;1
"230240 BOA VIAGEM";6;6
"230250 BREJO SANTO";21;21
"230260 CAMOCIM";6;6
"230270 CAMPOS SALES";3;3
"230280 CANINDE";20;20
"230290 CAPISTRANO";1;1
"230300 CARIDADE";2;2
"230320 CARIRIACU";1;1
"230330 CARIUS";1;1
"230340 CARNAUBAL";2;2
"230360 CATARINA";1;1
"230365 CATUNDA";1;1
"230370 CAUCAIA";24;24
"230380 CEDRO";1;1
"230390 CHAVAL";3;3
"230393 CHORO";1;1
"230395 CHOROZINHO";2;2
"230400 COREAU";1;1
"230410 CRATEUS";30;30
"230420 CRATO";39;39
"230423 CROATA";2;2
"230425 CRUZ";2;2
"230426 DEPUTADO IRAPUAN PINHEIRO";1;1
"230428 EUSEBIO";2;2
"230430 FARIAS BRITO";2;2
"230435 FORQUILHA";1;1
"230440 FORTALEZA";1061;1061
"230465 GRACA";1;1
"230470 GRANJA";6;6
"230495 GUAIUBA";2;2
"230500 GUARACIABA DO NORTE";4;4
"230523 HORIZONTE";1;1
"230540 ICO";9;9
"230550 IGUATU";14;14
"230560 INDEPENDENCIA";1;1
"230565 IPAPORANGA";1;1
"230570 IPAUMIRIM";1;1
"230580 IPU";3;3
"230590 IPUEIRAS";2;2
"230610 IRAUCUBA";2;2
"230630 ITAPAGE";7;7
"230640 ITAPIPOCA";33;33
"230655 ITAREMA";3;3
"230690 JAGUARIBE";4;4
"230700 JAGUARUANA";1;1
"230710 JARDIM";4;4
"230730 JUAZEIRO DO NORTE";105;105
"230740 JUCAS";1;1
"230750 LAVRAS DA MANGABEIRA";2;2
"230760 LIMOEIRO DO NORTE";8;8
"230765 MARACANAU";14;14
"230770 MARANGUAPE";1;1
"230780 MARCO";1;1
"230800 MASSAPE";3;3
"230810 MAURITI";4;4
"230820 MERUOCA";1;1
"230830 MILAGRES";2;2
"230835 MILHA";2;2
"230837 MIRAIMA";1;1
"230840 MISSAO VELHA";1;1
"230850 MOMBACA";5;5
"230860 MONSENHOR TABOSA";1;1
"230870 MORADA NOVA";6;6
"230890 MORRINHOS";1;1
"230900 MUCAMBO";1;1
"230920 NOVA OLINDA";2;2
"230930 NOVA RUSSAS";1;1
"230950 OROS";2;2
"230960 PACAJUS";4;4
"230970 PACATUBA";2;2
"230980 PACOTI";1;1
"231010 PALMACIA";1;1
"231020 PARACURU";1;1
"231025 PARAIPABA";2;2
"231030 PARAMBU";3;3
"231050 PEDRA BRANCA";2;2
"231060 PENAFORTE";1;1
"231070 PENTECOSTE";1;1
"231080 PEREIRO";1;1
"231085 PINDORETAMA";1;1
"231095 PIRES FERREIRA";1;1
"231100 PORANGA";1;1
"231110 PORTEIRAS";1;1
"231120 POTENGI";1;1
"231126 QUITERIANOPOLIS";1;1
"231130 QUIXADA";26;26
"231140 QUIXERAMOBIM";2;2
"231150 QUIXERE";1;1
"231160 REDENCAO";1;1
"231170 RERIUTABA";1;1
"231180 RUSSAS";10;10
"231195 SALITRE";2;2
"231200 SANTANA DO ACARAU";3;3
"231210 SANTANA DO CARIRI";3;3
"231230 SAO BENEDITO";6;6
"231240 SAO GONCALO DO AMARANTE";1;1
"231270 SENADOR POMPEU";8;8
"231290 SOBRAL";211;211
"231310 TABULEIRO DO NORTE";1;1
"231320 TAMBORIL";1;1
"231325 TARRAFAS";2;2
"231330 TAUA";6;6
"231335 TEJUCUOCA";1;1
"231340 TIANGUA";14;14
"231350 TRAIRI";6;6
"231360 UBAJARA";1;1
"231370 UMARI";1;1
"231375 UMIRIM";2;2
"231390 URUOCA";1;1
"231400 VARZEA ALEGRE";5;5
"231410 VICOSA DO CEARA";4;4
"240020 ACU";2;2
"240050 ALEXANDRIA";3;3
"240060 ALMINO AFONSO";2;2
"240070 ALTO DO RODRIGUES";1;1
"240080 ANGICOS";1;1
"240100 APODI";4;4
"240130 AUGUSTO SEVERO";1;1
"240145 BARAUNA";2;2
"240190 CAICARA DO RIO DO VENTO";1;1
"240200 CAICO";5;5
"240220 CANGUARETAMA";1;1
"240230 CARAUBAS";3;3
"240260 CEARA-MIRIM";4;4
"240270 CERRO CORA";1;1
"240310 CURRAIS NOVOS";49;49
"240325 PARNAMIRIM";49;49
"240350 ESPIRITO SANTO";1;1
"240420 GOIANINHA";1;1
"240430 GOVERNADOR DIX-SEPT ROSADO";1;1
"240450 GUAMARE";1;1
"240460 IELMO MARINHO";1;1
"240580 JOAO CAMARA";10;10
"240610 JUCURUTU";2;2
"240710 MACAIBA";3;3
"240720 MACAU";1;1
"240740 MARTINS";1;1
"240800 MOSSORO";116;116
"240810 NATAL";417;417
"240830 NOVA CRUZ";2;2
"240890 PARELHAS";3;3
"240940 PAU DOS FERROS";9;9
"241030 SERRA CAIADA";2;2
"241070 RIACHO DA CRUZ";1;1
"241120 SANTA CRUZ";1;1
"241140 SANTANA DO MATOS";1;1
"241150 SANTO ANTONIO";4;4
"241190 SAO FRANCISCO DO OESTE";1;1
"241200 SAO GONCALO DO AMARANTE";2;2
"241220 SAO JOSE DE MIPIBU";4;4
"241250 SAO MIGUEL";3;3
"241260 SAO PAULO DO POTENGI";1;1
"241280 SAO RAFAEL";1;1
"241350 SERRINHA";1;1
"241360 SEVERIANO MELO";3;3
"241390 TAIPU";1;1
"241400 TANGARA";1;1
"241450 UMARIZAL";1;1
"241460 UPANEMA";1;1
"241490 VICOSA";1;1
"250020 AGUIAR";2;2
"250030 ALAGOA GRANDE";3;3
"250040 ALAGOA NOVA";1;1
"250050 ALAGOINHA";1;1
"250060 ALHANDRA";2;2
"250070 SAO JOAO DO RIO DO PEIXE";1;1
"250080 ARACAGI";1;1
"250090 ARARA";2;2
"250100 ARARUNA";3;3
"250110 AREIA";3;3
"250130 AROEIRAS";1;1
"250150 BANANEIRAS";1;1
"250160 BARRA DE SANTA ROSA";2;2
"250180 BAYEUX";2;2
"250190 BELEM";1;1
"250210 BOA VENTURA";1;1
"250260 IGARACY";1;1
"250300 CAAPORA";1;1
"250320 CABEDELO";1;1
"250330 CACHOEIRA DOS INDIOS";1;1
"250350 CACIMBA DE DENTRO";2;2
"250355 CACIMBAS";1;1
"250370 CAJAZEIRAS";16;16
"250390 CAMALAU";2;2
"250400 CAMPINA GRANDE";326;326
"250430 CATOLE DO ROCHA";3;3
"250440 CONCEICAO";2;2
"250460 CONDE";1;1
"250480 COREMAS";1;1
"250490 CRUZ DO ESPIRITO SANTO";1;1
"250500 CUBATI";1;1
"250520 CUITEGI";1;1
"250560 DIAMANTE";1;1
"250600 ESPERANCA";1;1
"250630 GUARABIRA";11;11
"250640 GURINHEM";1;1
"250670 IMACULADA";1;1
"250690 ITABAIANA";2;2
"250700 ITAPORANGA";1;1
"250730 JACARAU";1;1
"250750 JOAO PESSOA";427;427
"250770 JUAZEIRINHO";2;2
"250830 LAGOA SECA";1;1
"250850 LIVRAMENTO";1;1
"250860 LUCENA";1;1
"250890 MAMANGUAPE";3;3
"250900 MANAIRA";2;2
"250905 MARCACAO";1;1
"250950 MONTADAS";1;1
"250970 MONTEIRO";3;3
"251010 NOVA FLORESTA";1;1
"251080 PATOS";69;69
"251120 PEDRAS DE FOGO";1;1
"251130 PIANCO";1;1
"251140 PICUI";4;4
"251170 PILOEZINHOS";1;1
"251190 PITIMBU";1;1
"251203 POCO DANTAS";1;1
"251210 POMBAL";3;3
"251230 PRINCESA ISABEL";3;3
"251240 PUXINANA";1;1
"251250 QUEIMADAS";1;1
"251270 REMIGIO";2;2
"251278 RIACHO DE SANTO ANTONIO";1;1
"251290 RIO TINTO";1;1
"251310 SALGADO DE SAO FELIX";1;1
"251315 SANTA CECILIA";2;2
"251340 SANTA LUZIA";1;1
"251360 SANTANA DOS GARROTES";1;1
"251370 SANTA RITA";8;8
"251390 SAO BENTO";2;2
"251420 SAO JOSE DA LAGOA TAPADA";1;1
"251450 SAO JOSE DE PIRANHAS";1;1
"251530 SAPE";1;1
"251600 SOLANEA";3;3
"251620 SOUSA";17;17
"251660 TAVARES";1;1
"251670 TEIXEIRA";2;2
"251690 UIRAUNA";1;1
"251700 UMBUZEIRO";1;1
"251710 VARZEA";1;1
"260005 ABREU E LIMA";4;4
"260010 AFOGADOS DA INGAZEIRA";19;19
"260020 AFRANIO";2;2
"260030 AGRESTINA";1;1
"260040 AGUA PRETA";1;1
"260050 AGUAS BELAS";11;11
"260070 ALIANCA";3;3
"260090 AMARAJI";1;1
"260105 ARACOIABA";1;1
"260110 ARARIPINA";39;39
"260120 ARCOVERDE";47;47
"260140 BARREIROS";2;2
"260160 BELEM DE SAO FRANCISCO";2;2
"260170 BELO JARDIM";8;8
"260180 BETANIA";2;2
"260190 BEZERROS";2;2
"260200 BODOCO";4;4
"260210 BOM CONSELHO";4;4
"260220 BOM JARDIM";3;3
"260230 BONITO";4;4
"260250 BREJINHO";1;1
"260260 BREJO DA MADRE DE DEUS";2;2
"260280 BUIQUE";9;9
"260290 CABO DE SANTO AGOSTINHO";15;15
"260300 CABROBO";1;1
"260310 CACHOEIRINHA";4;4
"260320 CAETES";1;1
"260345 CAMARAGIBE";4;4
"260350 CAMOCIM DE SAO FELIX";1;1
"260370 CANHOTINHO";1;1
"260380 CAPOEIRAS";3;3
"260392 CARNAUBEIRA DA PENHA";4;4
"260400 CARPINA";2;2
"260410 CARUARU";156;156
"260420 CATENDE";5;5
"260430 CEDRO";1;1
"260450 CHA GRANDE";1;1
"260470 CORRENTES";1;1
"260510 CUSTODIA";6;6
"260520 ESCADA";4;4
"260530 EXU";4;4
"260560 FLORES";1;1
"260570 FLORESTA";16;16
"260590 GAMELEIRA";1;1
"260600 GARANHUNS";60;60
"260620 GOIANA";11;11
"260640 GRAVATA";4;4
"260650 IATI";2;2
"260660 IBIMIRIM";10;10
"260670 IBIRAJUBA";2;2
"260680 IGARASSU";3;3
"260720 IPOJUCA";4;4
"260730 IPUBI";4;4
"260750 ITAIBA";4;4
"260770 ITAPETIM";3;3
"260780 ITAQUITINGA";3;3
"260790 JABOATAO DOS GUARARAPES";119;119
"260805 JATOBA";1;1
"260810 JOAO ALFREDO";2;2
"260820 JOAQUIM NABUCO";2;2
"260825 JUCATI";1;1
"260830 JUPI";1;1
"260840 JUREMA";2;2
"260850 LAGOA DE ITAENGA";1;1
"260860 LAGOA DO OURO";1;1
"260875 LAGOA GRANDE";3;3
"260880 LAJEDO";1;1
"260890 LIMOEIRO";10;10
"260900 MACAPARANA";4;4
"260910 MACHADOS";1;1
"260915 MANARI";4;4
"260920 MARAIAL";1;1
"260930 MIRANDIBA";2;2
"260940 MORENO";3;3
"260950 NAZARE DA MATA";1;1
"260960 OLINDA";17;17
"260970 OROBO";1;1
"260990 OURICURI";48;48
"261000 PALMARES";27;27
"261020 PANELAS";2;2
"261030 PARANATAMA";1;1
"261040 PARNAMIRIM";2;2
"261050 PASSIRA";1;1
"261060 PAUDALHO";5;5
"261070 PAULISTA";6;6
"261090 PESQUEIRA";6;6
"261100 PETROLANDIA";8;8
"261110 PETROLINA";256;256
"261130 POMBOS";1;1
"261150 QUIPAPA";2;2
"261160 RECIFE";1292;1292
"261180 RIBEIRAO";1;1
"261190 RIO FORMOSO";2;2
"261220 SALGUEIRO";41;41
"261230 SALOA";1;1
"261240 SANHARO";1;1
"261245 SANTA CRUZ";1;1
"261247 SANTA CRUZ DA BAIXA VERDE";1;1
"261250 SANTA CRUZ DO CAPIBARIBE";12;12
"261255 SANTA FILOMENA";3;3
"261260 SANTA MARIA DA BOA VISTA";3;3
"261270 SANTA MARIA DO CAMBUCA";3;3
"261280 SANTA TEREZINHA";1;1
"261290 SAO BENEDITO DO SUL";2;2
"261300 SAO BENTO DO UNA";3;3
"261310 SAO CAITANO";3;3
"261320 SAO JOAO";1;1
"261340 SAO JOSE DA COROA GRANDE";3;3
"261350 SAO JOSE DO BELMONTE";2;2
"261360 SAO JOSE DO EGITO";7;7
"261370 SAO LOURENCO DA MATA";4;4
"261390 SERRA TALHADA";40;40
"261400 SERRITA";2;2
"261410 SERTANIA";1;1
"261420 SIRINHAEM";5;5
"261430 MOREILANDIA";1;1
"261450 SURUBIM";4;4
"261460 TABIRA";4;4
"261480 TACARATU";5;5
"261485 TAMANDARE";1;1
"261510 TEREZINHA";1;1
"261530 TIMBAUBA";3;3
"261550 TRACUNHAEM";1;1
"261560 TRINDADE";7;7
"261570 TRIUNFO";1;1
"261580 TUPANATINGA";3;3
"261590 TUPARETAMA";2;2
"261600 VENTUROSA";1;1
"261620 VERTENTES";5;5
"261630 VICENCIA";2;2
"261640 VITORIA DE SANTO ANTAO";22;22
"261650 XEXEU";2;2
"270010 AGUA BRANCA";2;2
"270020 ANADIA";2;2
"270030 ARAPIRACA";156;156
"270040 ATALAIA";3;3
"270050 BARRA DE SANTO ANTONIO";1;1
"270060 BARRA DE SAO MIGUEL";1;1
"270070 BATALHA";5;5
"270100 BOCA DA MATA";2;2
"270110 BRANQUINHA";1;1
"270130 CAJUEIRO";2;2
"270135 CAMPESTRE";1;1
"270140 CAMPO ALEGRE";1;1
"270160 CANAPI";2;2
"270170 CAPELA";1;1
"270200 COITE DO NOIA";1;1
"270210 COLONIA LEOPOLDINA";2;2
"270230 CORURIPE";16;16
"270240 DELMIRO GOUVEIA";8;8
"270250 DOIS RIACHOS";3;3
"270260 FEIRA GRANDE";1;1
"270290 GIRAU DO PONCIANO";1;1
"270300 IBATEGUARA";2;2
"270310 IGACI";1;1
"270330 INHAPI";3;3
"270340 JACARE DOS HOMENS";1;1
"270380 JOAQUIM GOMES";1;1
"270400 JUNQUEIRO";1;1
"270410 LAGOA DA CANOA";1;1
"270420 LIMOEIRO DE ANADIA";1;1
"270430 MACEIO";651;651
"270440 MAJOR ISIDORO";1;1
"270450 MARAGOGI";4;4
"270460 MARAVILHA";1;1
"270470 MARECHAL DEODORO";2;2
"270480 MARIBONDO";2;2
"270500 MATA GRANDE";1;1
"270520 MESSIAS";1;1
"270550 MURICI";5;5
"270570 OLHO D'AGUA DAS FLORES";1;1
"270600 OLIVENCA";1;1
"270610 OURO BRANCO";1;1
"270630 PALMEIRA DOS INDIOS";45;45
"270640 PAO DE ACUCAR";4;4
"270642 PARICONHA";1;1
"270644 PARIPUEIRA";1;1
"270650 PASSO DE CAMARAGIBE";2;2
"270660 PAULO JACINTO";1;1
"270670 PENEDO";14;14
"270690 PILAR";3;3
"270700 PINDOBA";1;1
"270710 PIRANHAS";2;2
"270720 POCO DAS TRINCHEIRAS";1;1
"270730 PORTO CALVO";3;3
"270740 PORTO DE PEDRAS";1;1
"270760 QUEBRANGULO";1;1
"270770 RIO LARGO";1;1
"270790 SANTA LUZIA DO NORTE";1;1
"270800 SANTANA DO IPANEMA";8;8
"270810 SANTANA DO MUNDAU";1;1
"270830 SAO JOSE DA LAJE";1;1
"270840 SAO JOSE DA TAPERA";2;2
"270860 SAO MIGUEL DOS CAMPOS";18;18
"270880 SAO SEBASTIAO";2;2
"270895 SENADOR RUI PALMEIRA";2;2
"270915 TEOTONIO VILELA";5;5
"270920 TRAIPU";3;3
"270930 UNIAO DOS PALMARES";12;12
"270940 VICOSA";4;4
"280030 ARACAJU";542;542
"280067 BOQUIM";3;3
"280070 BREJO GRANDE";1;1
"280100 CAMPO DO BRITO";2;2
"280120 CANINDE DE SAO FRANCISCO";1;1
"280130 CAPELA";6;6
"280140 CARIRA";1;1
"280150 CARMOPOLIS";1;1
"280160 CEDRO DE SAO JOAO";1;1
"280210 ESTANCIA";14;14
"280280 INDIAROBA";3;3
"280290 ITABAIANA";31;31
"280300 ITABAIANINHA";1;1
"280320 ITAPORANGA D'AJUDA";2;2
"280340 JAPOATA";2;2
"280350 LAGARTO";6;6
"280360 LARANJEIRAS";3;3
"280440 NEOPOLIS";1;1
"280450 NOSSA SENHORA DA GLORIA";13;13
"280470 NOSSA SENHORA DE LOURDES";1;1
"280480 NOSSA SENHORA DO SOCORRO";5;5
"280540 POCO REDONDO";2;2
"280560 PORTO DA FOLHA";1;1
"280570 PROPRIA";2;2
"280630 SANTA LUZIA DO ITANHY";1;1
"280660 SANTO AMARO DAS BROTAS";1;1
"280670 SAO CRISTOVAO";6;6
"280690 SAO FRANCISCO";1;1
"280710 SIMAO DIAS";2;2
"280720 SIRIRI";1;1
"280740 TOBIAS BARRETO";3;3
"280750 TOMAR DO GERU";2;2
"280760 UMBAUBA";1;1
"290020 ABARE";2;2
"290030 ACAJUTIBA";2;2
"290035 ADUSTINA";1;1
"290050 ERICO CARDOSO";1;1
"290070 ALAGOINHAS";52;52
"290080 ALCOBACA";2;2
"290100 AMARGOSA";11;11
"290110 AMELIA RODRIGUES";1;1
"290120 ANAGE";1;1
"290160 ANTAS";13;13
"290200 ARACATU";3;3
"290210 ARACI";7;7
"290230 ARATUIPE";1;1
"290240 AURELINO LEAL";2;2
"290260 BAIXA GRANDE";3;3
"290265 BANZAE";1;1
"290270 BARRA";20;20
"290280 BARRA DA ESTIVA";15;15
"290290 BARRA DO CHOCA";10;10
"290300 BARRA DO MENDES";1;1
"290320 BARREIRAS";118;118
"290323 BARRO ALTO";2;2
"290327 BARROCAS";1;1
"290340 BELMONTE";1;1
"290350 BELO CAMPO";3;3
"290360 BIRITINGA";1;1
"290370 BOA NOVA";2;2
"290390 BOM JESUS DA LAPA";23;23
"290395 BOM JESUS DA SERRA";3;3
"290400 BONINAL";2;2
"290405 BONITO";5;5
"290410 BOQUIRA";3;3
"290460 BRUMADO";24;24
"290490 CACHOEIRA";2;2
"290500 CACULE";1;1
"290510 CAEM";1;1
"290520 CAETITE";10;10
"290530 CAFARNAUM";1;1
"290560 CAMACAN";5;5
"290570 CAMACARI";59;59
"290590 CAMPO ALEGRE DE LOURDES";3;3
"290600 CAMPO FORMOSO";15;15
"290610 CANAPOLIS";2;2
"290630 CANAVIEIRAS";2;2
"290650 CANDEIAS";10;10
"290660 CANDIBA";1;1
"290670 CANDIDO SALES";5;5
"290680 CANSANCAO";2;2
"290682 CANUDOS";1;1
"290687 CAPIM GROSSO";7;7
"290690 CARAVELAS";1;1
"290710 CARINHANHA";3;3
"290720 CASA NOVA";2;2
"290730 CASTRO ALVES";4;4
"290750 CATU";4;4
"290760 CENTRAL";2;2
"290770 CHORROCHO";1;1
"290780 CICERO DANTAS";6;6
"290790 CIPO";1;1
"290800 COARACI";1;1
"290820 CONCEICAO DA FEIRA";3;3
"290830 CONCEICAO DO ALMEIDA";1;1
"290840 CONCEICAO DO COITE";5;5
"290850 CONCEICAO DO JACUIPE";3;3
"290860 CONDE";2;2
"290870 CONDEUBA";4;4
"290890 CORACAO DE MARIA";3;3
"290930 CORRENTINA";7;7
"290960 CRISOPOLIS";3;3
"290970 CRISTOPOLIS";1;1
"290980 CRUZ DAS ALMAS";17;17
"290990 CURACA";2;2
"291000 DARIO MEIRA";1;1
"291005 DIAS D'AVILA";11;11
"291040 ENCRUZILHADA";4;4
"291050 ENTRE RIOS";5;5
"291060 ESPLANADA";10;10
"291070 EUCLIDES DA CUNHA";4;4
"291072 EUNAPOLIS";34;34
"291080 FEIRA DE SANTANA";332;332
"291085 FILADELFIA";1;1
"291100 FLORESTA AZUL";2;2
"291110 FORMOSA DO RIO PRETO";3;3
"291120 GANDU";4;4
"291130 GENTIO DO OURO";2;2
"291160 GOVERNADOR MANGABEIRA";1;1
"291170 GUANAMBI";61;61
"291180 GUARATINGA";5;5
"291190 IACU";8;8
"291200 IBIASSUCE";4;4
"291220 IBICOARA";2;2
"291240 IBIPEBA";1;1
"291250 IBIPITANGA";1;1
"291270 IBIRAPITANGA";2;2
"291290 IBIRATAIA";8;8
"291300 IBITIARA";2;2
"291320 IBOTIRAMA";19;19
"291340 IGAPORA";3;3
"291345 IGRAPIUNA";2;2
"291350 IGUAI";6;6
"291360 ILHEUS";71;71
"291370 INHAMBUPE";4;4
"291390 IPIAU";6;6
"291400 IPIRA";6;6
"291410 IPUPIARA";1;1
"291430 IRAMAIA";2;2
"291440 IRAQUARA";13;13
"291450 IRARA";2;2
"291460 IRECE";116;116
"291465 ITABELA";5;5
"291470 ITABERABA";20;20
"291480 ITABUNA";311;311
"291500 ITAETE";1;1
"291510 ITAGI";6;6
"291540 ITAJU DO COLONIA";1;1
"291550 ITAJUIPE";2;2
"291560 ITAMARAJU";22;22
"291570 ITAMARI";1;1
"291580 ITAMBE";13;13
"291600 ITANHEM";1;1
"291610 ITAPARICA";15;15
"291640 ITAPETINGA";24;24
"291650 ITAPICURU";3;3
"291660 ITAPITANGA";1;1
"291670 ITAQUARA";1;1
"291690 ITIRUCU";1;1
"291700 ITIUBA";1;1
"291710 ITORORO";3;3
"291720 ITUACU";1;1
"291730 ITUBERA";6;6
"291733 IUIU";2;2
"291735 JABORANDI";2;2
"291750 JACOBINA";50;50
"291760 JAGUAQUARA";16;16
"291800 JEQUIE";75;75
"291840 JUAZEIRO";63;63
"291850 JUSSARA";1;1
"291855 JUSSARI";2;2
"291880 LAJE";1;1
"291890 LAJEDAO";1;1
"291915 LAPAO";2;2
"291920 LAURO DE FREITAS";34;34
"291930 LENCOIS";5;5
"291950 LIVRAMENTO DE NOSSA SENHORA";11;11
"291955 LUIS EDUARDO MAGALHAES";9;9
"291960 MACAJUBA";4;4
"291970 MACARANI";6;6
"291980 MACAUBAS";12;12
"291990 MACURURE";2;2
"291992 MADRE DE DEUS";6;6
"292010 MAIRI";3;3
"292020 MALHADA";1;1
"292050 MARACAS";4;4
"292060 MARAGOGIPE";3;3
"292070 MARAU";1;1
"292080 MARCIONILIO SOUZA";2;2
"292100 MATA DE SAO JOAO";11;11
"292120 MIGUEL CALMON";6;6
"292130 MILAGRES";4;4
"292150 MONTE SANTO";11;11
"292160 MORPARA";1;1
"292170 MORRO DO CHAPEU";9;9
"292180 MORTUGABA";1;1
"292190 MUCUGE";6;6
"292200 MUCURI";6;6
"292205 MULUNGU DO MORRO";3;3
"292210 MUNDO NOVO";1;1
"292240 MUTUIPE";1;1
"292250 NAZARE";7;7
"292260 NILO PECANHA";2;2
"292270 NOVA CANAA";1;1
"292285 NOVA REDENCAO";1;1
"292290 NOVA SOURE";1;1
"292300 NOVA VICOSA";6;6
"292310 OLINDINA";2;2
"292340 PALMAS DE MONTE ALTO";5;5
"292360 PARAMIRIM";11;11
"292370 PARATINGA";6;6
"292390 PAU BRASIL";2;2
"292400 PAULO AFONSO";86;86
"292405 PE DE SERRA";2;2
"292420 PEDRO ALEXANDRE";1;1
"292430 PIATA";5;5
"292440 PILAO ARCADO";5;5
"292450 PINDAI";3;3
"292460 PINDOBACU";2;2
"292465 PINTADAS";1;1
"292480 PIRITIBA";2;2
"292490 PLANALTINO";1;1
"292500 PLANALTO";1;1
"292510 POCOES";4;4
"292520 POJUCA";14;14
"292530 PORTO SEGURO";56;56
"292540 POTIRAGUA";1;1
"292550 PRADO";1;1
"292575 PRESIDENTE TANCREDO NEVES";3;3
"292580 QUEIMADAS";1;1
"292590 QUIJINGUE";1;1
"292593 QUIXABEIRA";1;1
"292595 RAFAEL JAMBEIRO";2;2
"292600 REMANSO";15;15
"292620 RIACHAO DAS NEVES";2;2
"292630 RIACHAO DO JACUIPE";9;9
"292640 RIACHO DE SANTANA";2;2
"292660 RIBEIRA DO POMBAL";25;25
"292665 RIBEIRAO DO LARGO";3;3
"292670 RIO DE CONTAS";1;1
"292700 RIO REAL";6;6
"292720 RUY BARBOSA";12;12
"292730 SALINAS DA MARGARIDA";2;2
"292740 SALVADOR";1178;1178
"292750 SANTA BARBARA";4;4
"292780 SANTA CRUZ DA VITORIA";1;1
"292790 SANTA INES";1;1
"292800 SANTALUZ";6;6
"292805 SANTA LUZIA";3;3
"292810 SANTA MARIA DA VITORIA";4;4
"292820 SANTANA";4;4
"292840 SANTA RITA DE CASSIA";3;3
"292850 SANTA TERESINHA";1;1
"292860 SANTO AMARO";8;8
"292870 SANTO ANTONIO DE JESUS";54;54
"292880 SANTO ESTEVAO";2;2
"292890 SAO DESIDERIO";4;4
"292900 SAO FELIX";9;9
"292905 SAO FELIX DO CORIBE";2;2
"292920 SAO FRANCISCO DO CONDE";8;8
"292925 SAO GABRIEL";1;1
"292930 SAO GONCALO DOS CAMPOS";3;3
"292935 SAO JOSE DA VITORIA";3;3
"292937 SAO JOSE DO JACUIPE";2;2
"292940 SAO MIGUEL DAS MATAS";1;1
"292950 SAO SEBASTIAO DO PASSE";5;5
"292960 SAPEACU";4;4
"292970 SATIRO DIAS";3;3
"292975 SAUBARA";1;1
"292980 SAUDE";3;3
"292990 SEABRA";11;11
"293010 SENHOR DO BONFIM";30;30
"293015 SERRA DO RAMALHO";3;3
"293020 SENTO SE";4;4
"293030 SERRA DOURADA";1;1
"293040 SERRA PRETA";1;1
"293050 SERRINHA";13;13
"293060 SERROLANDIA";1;1
"293070 SIMOES FILHO";16;16
"293075 SITIO DO MATO";5;5
"293080 SOUTO SOARES";4;4
"293090 TABOCAS DO BREJO VELHO";1;1
"293100 TANHACU";1;1
"293105 TANQUE NOVO";2;2
"293120 TAPEROA";3;3
"293130 TAPIRAMUTA";2;2
"293135 TEIXEIRA DE FREITAS";73;73
"293140 TEODORO SAMPAIO";1;1
"293150 TEOFILANDIA";3;3
"293160 TEOLANDIA";4;4
"293170 TERRA NOVA";1;1
"293180 TREMEDAL";2;2
"293190 TUCANO";4;4
"293200 UAUA";1;1
"293210 UBAIRA";5;5
"293240 UIBAI";1;1
"293245 UMBURANAS";4;4
"293250 UNA";4;4
"293260 URANDI";1;1
"293280 UTINGA";2;2
"293290 VALENCA";50;50
"293300 VALENTE";2;2
"293310 VARZEA DO POCO";3;3
"293315 VARZEA NOVA";2;2
"293320 VERA CRUZ";3;3
"293330 VITORIA DA CONQUISTA";222;222
"293345 WANDERLEY";1;1
"293350 WENCESLAU GUIMARAES";1;1
"293360 XIQUE-XIQUE";4;4
"310020 ABAETE";3;3
"310030 ABRE CAMPO";7;7
"310070 AGUA COMPRIDA";1;1
"310090 AGUAS FORMOSAS";8;8
"310110 AIMORES";9;9
"310120 AIURUOCA";4;4
"310150 ALEM PARAIBA";13;13
"310160 ALFENAS";35;35
"310170 ALMENARA";15;15
"310190 ALPINOPOLIS";2;2
"310200 ALTEROSA";1;1
"310220 ALVARENGA";1;1
"310230 ALVINOPOLIS";1;1
"310260 ANDRADAS";2;2
"310270 CACHOEIRA DE PAJEU";1;1
"310300 ANTONIO DIAS";2;2
"310340 ARACUAI";6;6
"310350 ARAGUARI";25;25
"310400 ARAXA";4;4
"310420 ARCOS";3;3
"310430 AREADO";1;1
"310450 ARINOS";2;2
"310460 ASTOLFO DUTRA";1;1
"310470 ATALEIA";2;2
"310510 BAMBUI";4;4
"310540 BARAO DE COCAIS";3;3
"310560 BARBACENA";72;72
"310620 BELO HORIZONTE";838;838
"310630 BELO ORIENTE";4;4
"310640 BELO VALE";2;2
"310670 BETIM";74;74
"310680 BIAS FORTES";1;1
"310710 BOA ESPERANCA";7;7
"310730 BOCAIUVA";9;9
"310740 BOM DESPACHO";7;7
"310825 BONITO DE MINAS";1;1
"310830 BORDA DA MATA";1;1
"310850 BOTUMIRIM";2;2
"310860 BRASILIA DE MINAS";10;10
"310870 BRAS PIRES";1;1
"310900 BRUMADINHO";2;2
"310920 BUENOPOLIS";1;1
"310930 BURITIS";6;6
"310940 BURITIZEIRO";7;7
"310950 CABO VERDE";1;1
"311000 CAETE";3;3
"311050 CAMANDUCAIA";2;2
"311060 CAMBUI";2;2
"311070 CAMBUQUIRA";3;3
"311100 CAMPESTRE";3;3
"311110 CAMPINA VERDE";1;1
"311120 CAMPO BELO";7;7
"311130 CAMPO DO MEIO";2;2
"311150 CAMPOS ALTOS";3;3
"311210 CAPARAO";1;1
"311230 CAPELINHA";12;12
"311260 CAPINOPOLIS";2;2
"311300 CARAI";4;4
"311320 CARANDAI";2;2
"311330 CARANGOLA";18;18
"311340 CARATINGA";40;40
"311350 CARBONITA";1;1
"311360 CAREACU";1;1
"311370 CARLOS CHAGAS";4;4
"311390 CARMO DA CACHOEIRA";3;3
"311430 CARMO DO PARANAIBA";2;2
"311460 CARRANCAS";1;1
"311530 CATAGUASES";3;3
"311550 CAXAMBU";1;1
"311640 CLARAVAL";1;1
"311660 CLAUDIO";3;3
"311670 COIMBRA";1;1
"311680 COLUNA";2;2
"311730 CONCEICAO DAS ALAGOAS";2;2
"311800 CONGONHAS";1;1
"311830 CONSELHEIRO LAFAIETE";15;15
"311840 CONSELHEIRO PENA";1;1
"311860 CONTAGEM";49;49
"311880 CORACAO DE JESUS";4;4
"311910 CORINTO";2;2
"311930 COROMANDEL";1;1
"311940 CORONEL FABRICIANO";9;9
"311995 CORREGO FUNDO";1;1
"312040 CRISTIANO OTONI";1;1
"312080 CRUZILIA";2;2
"312083 CUPARAQUE";1;1
"312087 CURRAL DE DENTRO";1;1
"312090 CURVELO";21;21
"312160 DIAMANTINA";17;17
"312200 DIVINO";5;5
"312220 DIVINOLANDIA DE MINAS";1;1
"312230 DIVINOPOLIS";43;43
"312270 DOM SILVERIO";1;1
"312300 DORES DE CAMPOS";1;1
"312320 DORES DO INDAIA";6;6
"312360 ELOI MENDES";2;2
"312390 ENTRE RIOS DE MINAS";4;4
"312400 ERVALIA";2;2
"312410 ESMERALDAS";2;2
"312420 ESPERA FELIZ";2;2
"312430 ESPINOSA";4;4
"312470 ESTRELA DO INDAIA";1;1
"312480 ESTRELA DO SUL";1;1
"312510 EXTREMA";3;3
"312540 FELICIO DOS SANTOS";1;1
"312560 FELISBURGO";2;2
"312595 FERVEDOURO";1;1
"312610 FORMIGA";4;4
"312620 FORMOSO";1;1
"312660 FRANCISCO DUMONT";1;1
"312670 FRANCISCO SA";5;5
"312675 FRANCISCOPOLIS";1;1
"312690 FREI INOCENCIO";3;3
"312700 FRONTEIRA";1;1
"312710 FRUTAL";7;7
"312750 GONZAGA";1;1
"312770 GOVERNADOR VALADARES";86;86
"312780 GRAO MOGOL";2;2
"312800 GUANHAES";13;13
"312820 GUARACIABA";1;1
"312830 GUARANESIA";3;3
"312860 GUARDA-MOR";2;2
"312870 GUAXUPE";2;2
"312950 IBIA";2;2
"312980 IBIRITE";17;17
"313000 IBITURUNA";1;1
"313005 ICARAI DE MINAS";1;1
"313010 IGARAPE";1;1
"313080 INGAI";1;1
"313090 INHAPIM";1;1
"313120 IPANEMA";5;5
"313130 IPATINGA";96;96
"313160 IRAI DE MINAS";1;1
"313170 ITABIRA";24;24
"313190 ITABIRITO";8;8
"313210 ITACARAMBI";3;3
"313220 ITAGUARA";2;2
"313230 ITAIPE";1;1
"313240 ITAJUBA";32;32
"313250 ITAMARANDIBA";6;6
"313270 ITAMBACURI";6;6
"313300 ITAMONTE";1;1
"313310 ITANHANDU";2;2
"313330 ITAOBIM";6;6
"313350 ITAPECERICA";2;2
"313360 ITAPEVA";1;1
"313380 ITAUNA";15;15
"313420 ITUIUTABA";7;7
"313440 ITURAMA";3;3
"313470 JACINTO";3;3
"313490 JACUTINGA";2;2
"313505 JAIBA";2;2
"313507 JAMPRUCA";2;2
"313510 JANAUBA";30;30
"313520 JANUARIA";21;21
"313550 JEQUERI";2;2
"313600 JOAIMA";2;2
"313620 JOAO MONLEVADE";17;17
"313630 JOAO PINHEIRO";5;5
"313650 JORDANIA";1;1
"313657 JOSENOPOLIS";1;1
"313660 NOVA UNIAO";1;1
"313665 JUATUBA";1;1
"313670 JUIZ DE FORA";176;176
"313700 LADAINHA";1;1
"313720 LAGOA DA PRATA";6;6
"313750 LAGOA FORMOSA";1;1
"313760 LAGOA SANTA";2;2
"313770 LAJINHA";6;6
"313780 LAMBARI";1;1
"313820 LAVRAS";21;21
"313840 LEOPOLDINA";7;7
"313860 LIMA DUARTE";1;1
"313862 LIMEIRA DO OESTE";3;3
"313880 LUZ";6;6
"313890 MACHACALIS";8;8
"313900 MACHADO";7;7
"313920 MALACACHETA";5;5
"313930 MANGA";7;7
"313940 MANHUACU";26;26
"313950 MANHUMIRIM";5;5
"313960 MANTENA";7;7
"313970 MARAVILHAS";2;2
"313980 MAR DE ESPANHA";3;3
"314000 MARIANA";8;8
"314015 MARIO CAMPOS";2;2
"314060 MATERLANDIA";1;1
"314070 MATEUS LEME";3;3
"314090 MATIPO";3;3
"314110 MATOZINHOS";1;1
"314150 MENDES PIMENTEL";1;1
"314160 MERCES";1;1
"314180 MINAS NOVAS";8;8
"314200 MIRABELA";4;4
"314220 MIRAI";1;1
"314240 MOEMA";2;2
"314270 MONTALVANIA";6;6
"314290 MONTE AZUL";4;4
"314300 MONTE BELO";1;1
"314310 MONTE CARMELO";5;5
"314320 MONTE SANTO DE MINAS";1;1
"314330 MONTES CLAROS";157;157
"314390 MURIAE";25;25
"314400 MUTUM";2;2
"314410 MUZAMBINHO";1;1
"314430 NANUQUE";5;5
"314440 NATERCIA";1;1
"314470 NOVA ERA";1;1
"314480 NOVA LIMA";103;103
"314520 NOVA SERRANA";14;14
"314530 NOVO CRUZEIRO";9;9
"314560 OLIVEIRA";5;5
"314590 OURO BRANCO";3;3
"314600 OURO FINO";1;1
"314610 OURO PRETO";6;6
"314630 PADRE PARAISO";3;3
"314650 PAINS";1;1
"314655 PAI PEDRO";1;1
"314700 PARACATU";9;9
"314710 PARA DE MINAS";11;11
"314720 PARAGUACU";1;1
"314730 PARAISOPOLIS";2;2
"314740 PARAOPEBA";1;1
"314760 PASSA QUATRO";4;4
"314790 PASSOS";35;35
"314800 PATOS DE MINAS";67;67
"314810 PATROCINIO";6;6
"314830 PAULA CANDIDO";1;1
"314850 PAVAO";1;1
"314860 PECANHA";6;6
"314870 PEDRA AZUL";11;11
"314880 PEDRA DO ANTA";2;2
"314910 PEDRALVA";2;2
"314920 PEDRINOPOLIS";1;1
"314930 PEDRO LEOPOLDO";7;7
"314980 PERDIZES";1;1
"314990 PERDOES";1;1
"315015 PIEDADE DE CARATINGA";1;1
"315040 PIEDADE DOS GERAIS";1;1
"315060 PIRACEMA";1;1
"315080 PIRANGA";2;2
"315100 PIRANGUINHO";1;1
"315110 PIRAPETINGA";1;1
"315120 PIRAPORA";18;18
"315140 PITANGUI";7;7
"315150 PIUMHI";3;3
"315170 POCO FUNDO";1;1
"315180 POCOS DE CALDAS";27;27
"315190 POCRANE";1;1
"315200 POMPEU";1;1
"315210 PONTE NOVA";12;12
"315220 PORTEIRINHA";4;4
"315240 POTE";1;1
"315250 POUSO ALEGRE";59;59
"315280 PRATA";2;2
"315360 PRUDENTE DE MORAIS";2;2
"315390 RAPOSOS";1;1
"315420 RESENDE COSTA";1;1
"315430 RESPLENDOR";2;2
"315450 RIACHO DOS MACHADOS";2;2
"315460 RIBEIRAO DAS NEVES";17;17
"315490 RIO CASCA";3;3
"315540 RIO NOVO";1;1
"315550 RIO PARANAIBA";3;3
"315560 RIO PARDO DE MINAS";5;5
"315570 RIO PIRACICABA";1;1
"315600 RIO VERMELHO";4;4
"315660 RUBIM";4;4
"315670 SABARA";4;4
"315680 SABINOPOLIS";3;3
"315690 SACRAMENTO";1;1
"315700 SALINAS";11;11
"315720 SANTA BARBARA";2;2
"315750 SANTA EFIGENIA DE MINAS";1;1
"315780 SANTA LUZIA";9;9
"315790 SANTA MARGARIDA";1;1
"315800 SANTA MARIA DE ITABIRA";1;1
"315820 SANTA MARIA DO SUACUI";1;1
"315950 SANTA RITA DO ITUETO";1;1
"315960 SANTA RITA DO SAPUCAI";3;3
"315980 SANTA VITORIA";1;1
"316040 SANTO ANTONIO DO MONTE";1;1
"316070 SANTOS DUMONT";8;8
"316090 SAO BRAS DO SUACUI";1;1
"316100 SAO DOMINGOS DO PRATA";1;1
"316105 SAO FELIX DE MINAS";1;1
"316110 SAO FRANCISCO";15;15
"316180 SAO GONCALO DO PARA";1;1
"316190 SAO GONCALO DO RIO ABAIXO";1;1
"316200 SAO GONCALO DO SAPUCAI";5;5
"316210 SAO GOTARDO";1;1
"316240 SAO JOAO DA PONTE";2;2
"316245 SAO JOAO DAS MISSOES";1;1
"316250 SAO JOAO DEL REI";35;35
"316270 SAO JOAO DO PARAISO";2;2
"316280 SAO JOAO EVANGELISTA";2;2
"316290 SAO JOAO NEPOMUCENO";8;8
"316370 SAO LOURENCO";14;14
"316420 SAO ROMAO";1;1
"316470 SAO SEBASTIAO DO PARAISO";29;29
"316500 SAO TIAGO";1;1
"316530 SAO VICENTE DE MINAS";1;1
"316550 SARDOA";2;2
"316650 SERRA AZUL DE MINAS";1;1
"316680 SERRA DO SALITRE";1;1
"316710 SERRO";2;2
"316720 SETE LAGOAS";60;60
"316800 TAIOBEIRAS";9;9
"316840 TARUMIRIM";1;1
"316860 TEOFILO OTONI";124;124
"316870 TIMOTEO";9;9
"316880 TIRADENTES";1;1
"316920 TOMBOS";1;1
"316930 TRES CORACOES";22;22
"316935 TRES MARIAS";4;4
"316940 TRES PONTAS";9;9
"316960 TUPACIGUARA";2;2
"316970 TURMALINA";10;10
"316990 UBA";44;44
"317000 UBAI";1;1
"317010 UBERABA";74;74
"317020 UBERLANDIA";143;143
"317040 UNAI";7;7
"317052 URUCUIA";4;4
"317070 VARGINHA";15;15
"317075 VARJAO DE MINAS";1;1
"317080 VARZEA DA PALMA";10;10
"317090 VARZELANDIA";2;2
"317100 VAZANTE";1;1
"317103 VERDELANDIA";1;1
"317115 VERMELHO NOVO";1;1
"317120 VESPASIANO";4;4
"317130 VICOSA";34;34
"317160 VIRGEM DA LAPA";2;2
"317180 VIRGINOPOLIS";7;7
"317200 VISCONDE DO RIO BRANCO";5;5
"320010 AFONSO CLAUDIO";3;3
"320020 ALEGRE";2;2
"320040 ANCHIETA";4;4
"320060 ARACRUZ";6;6
"320070 ATILIO VIVACQUA";1;1
"320080 BAIXO GUANDU";5;5
"320090 BARRA DE SAO FRANCISCO";12;12
"320100 BOA ESPERANCA";2;2
"320120 CACHOEIRO DE ITAPEMIRIM";104;104
"320130 CARIACICA";23;23
"320140 CASTELO";2;2
"320150 COLATINA";32;32
"320160 CONCEICAO DA BARRA";2;2
"320170 CONCEICAO DO CASTELO";1;1
"320190 DOMINGOS MARTINS";1;1
"320210 ECOPORANGA";1;1
"320220 FUNDAO";1;1
"320230 GUACUI";3;3
"320240 GUARAPARI";3;3
"320245 IBATIBA";3;3
"320255 IBITIRAMA";1;1
"320280 ITAPEMIRIM";4;4
"320290 ITARANA";1;1
"320300 IUNA";2;2
"320305 JAGUARE";1;1
"320313 JOAO NEIVA";2;2
"320320 LINHARES";32;32
"320330 MANTENOPOLIS";2;2
"320332 MARATAIZES";1;1
"320334 MARECHAL FLORIANO";1;1
"320340 MIMOSO DO SUL";2;2
"320350 MONTANHA";2;2
"320390 NOVA VENECIA";7;7
"320400 PANCAS";3;3
"320405 PEDRO CANARIO";3;3
"320410 PINHEIROS";4;4
"320425 PONTO BELO";1;1
"320430 PRESIDENTE KENNEDY";1;1
"320440 RIO NOVO DO SUL";3;3
"320450 SANTA LEOPOLDINA";1;1
"320455 SANTA MARIA DE JETIBA";3;3
"320460 SANTA TERESA";2;2
"320470 SAO GABRIEL DA PALHA";5;5
"320490 SAO MATEUS";33;33
"320500 SERRA";95;95
"320501 SOORETAMA";3;3
"320506 VENDA NOVA DO IMIGRANTE";4;4
"320510 VIANA";1;1
"320517 VILA VALERIO";1;1
"320520 VILA VELHA";91;91
"320530 VITORIA";211;211
"330010 ANGRA DOS REIS";15;15
"330015 APERIBE";1;1
"330020 ARARUAMA";38;38
"330023 ARMACAO DOS BUZIOS";5;5
"330025 ARRAIAL DO CABO";1;1
"330030 BARRA DO PIRAI";17;17
"330040 BARRA MANSA";28;28
"330045 BELFORD ROXO";41;41
"330050 BOM JARDIM";3;3
"330060 BOM JESUS DO ITABAPOANA";7;7
"330070 CABO FRIO";38;38
"330080 CACHOEIRAS DE MACACU";6;6
"330090 CAMBUCI";1;1
"330093 CARAPEBUS";1;1
"330100 CAMPOS DOS GOYTACAZES";150;150
"330110 CANTAGALO";3;3
"330120 CARMO";2;2
"330130 CASIMIRO DE ABREU";5;5
"330150 CORDEIRO";1;1
"330160 DUAS BARRAS";1;1
"330170 DUQUE DE CAXIAS";278;278
"330185 GUAPIMIRIM";2;2
"330187 IGUABA GRANDE";2;2
"330190 ITABORAI";24;24
"330200 ITAGUAI";15;15
"330220 ITAPERUNA";26;26
"330225 ITATIAIA";3;3
"330227 JAPERI";8;8
"330240 MACAE";56;56
"330250 MAGE";17;17
"330260 MANGARATIBA";4;4
"330270 MARICA";15;15
"330280 MENDES";1;1
"330285 MESQUITA";6;6
"330290 MIGUEL PEREIRA";10;10
"330300 MIRACEMA";6;6
"330310 NATIVIDADE";2;2
"330320 NILOPOLIS";56;56
"330330 NITEROI";163;163
"330340 NOVA FRIBURGO";35;35
"330350 NOVA IGUACU";198;198
"330360 PARACAMBI";9;9
"330370 PARAIBA DO SUL";4;4
"330380 PARATY";8;8
"330390 PETROPOLIS";80;80
"330400 PIRAI";3;3
"330412 QUATIS";1;1
"330414 QUEIMADOS";23;23
"330415 QUISSAMA";2;2
"330420 RESENDE";30;30
"330430 RIO BONITO";4;4
"330450 RIO DAS FLORES";1;1
"330452 RIO DAS OSTRAS";13;13
"330455 RIO DE JANEIRO";1682;1682
"330460 SANTA MARIA MADALENA";1;1
"330470 SANTO ANTONIO DE PADUA";6;6
"330475 SAO FRANCISCO DE ITABAPOANA";3;3
"330480 SAO FIDELIS";2;2
"330490 SAO GONCALO";130;130
"330500 SAO JOAO DA BARRA";4;4
"330510 SAO JOAO DE MERITI";80;80
"330515 SAO JOSE DO VALE DO RIO PRETO";1;1
"330520 SAO PEDRO DA ALDEIA";9;9
"330550 SAQUAREMA";8;8
"330555 SEROPEDICA";3;3
"330580 TERESOPOLIS";25;25
"330590 TRAJANO DE MORAES";1;1
"330600 TRES RIOS";15;15
"330610 VALENCA";12;12
"330615 VARRE-SAI";1;1
"330620 VASSOURAS";17;17
"330630 VOLTA REDONDA";76;76
"350010 ADAMANTINA";2;2
"350030 AGUAI";6;6
"350070 AGUDOS";7;7
"350120 ALVARES FLORENCE";1;1
"350160 AMERICANA";48;48
"350170 AMERICO BRASILIENSE";1;1
"350190 AMPARO";8;8
"350200 ANALANDIA";1;1
"350210 ANDRADINA";8;8
"350220 ANGATUBA";3;3
"350250 APARECIDA";6;6
"350270 APIAI";3;3
"350275 ARACARIGUAMA";1;1
"350280 ARACATUBA";68;68
"350320 ARARAQUARA";51;51
"350330 ARARAS";17;17
"350340 AREALVA";1;1
"350380 ARTUR NOGUEIRA";1;1
"350390 ARUJA";18;18
"350400 ASSIS";37;37
"350410 ATIBAIA";23;23
"350450 AVARE";20;20
"350490 BANANAL";1;1
"350520 BARIRI";2;2
"350530 BARRA BONITA";3;3
"350550 BARRETOS";36;36
"350570 BARUERI";64;64
"350580 BASTOS";2;2
"350590 BATATAIS";3;3
"350600 BAURU";78;78
"350610 BEBEDOURO";4;4
"350630 BERNARDINO DE CAMPOS";2;2
"350635 BERTIOGA";7;7
"350640 BILAC";1;1
"350650 BIRIGUI";3;3
"350660 BIRITIBA-MIRIM";2;2
"350670 BOA ESPERANCA DO SUL";1;1
"350680 BOCAINA";1;1
"350700 BOITUVA";3;3
"350710 BOM JESUS DOS PERDOES";2;2
"350750 BOTUCATU";88;88
"350760 BRAGANCA PAULISTA";64;64
"350790 BROTAS";3;3
"350800 BURI";1;1
"350810 BURITAMA";3;3
"350820 BURITIZAL";1;1
"350840 CABREUVA";2;2
"350850 CACAPAVA";7;7
"350870 CACONDE";2;2
"350900 CAIEIRAS";30;30
"350920 CAJAMAR";4;4
"350940 CAJURU";3;3
"350950 CAMPINAS";353;353
"350960 CAMPO LIMPO PAULISTA";3;3
"350970 CAMPOS DO JORDAO";13;13
"350995 CANAS";1;1
"351020 CAPAO BONITO";8;8
"351040 CAPIVARI";4;4
"351050 CARAGUATATUBA";29;29
"351060 CARAPICUIBA";45;45
"351070 CARDOSO";1;1
"351080 CASA BRANCA";2;2
"351100 CASTILHO";2;2
"351110 CATANDUVA";35;35
"351140 CERQUEIRA CESAR";3;3
"351150 CERQUILHO";2;2
"351160 CESARIO LANGE";1;1
"351170 CHARQUEADA";3;3
"351200 COLINA";1;1
"351280 COSMOPOLIS";7;7
"351300 COTIA";36;36
"351340 CRUZEIRO";16;16
"351350 CUBATAO";23;23
"351360 CUNHA";2;2
"351380 DIADEMA";89;89
"351410 DOIS CORREGOS";2;2
"351440 DRACENA";7;7
"351480 ELDORADO";2;2
"351500 EMBU DAS ARTES";8;8
"351510 EMBU-GUACU";3;3
"351518 ESPIRITO SANTO DO PINHAL";5;5
"351550 FERNANDOPOLIS";4;4
"351570 FERRAZ DE VASCONCELOS";46;46
"351620 FRANCA";72;72
"351630 FRANCISCO MORATO";42;42
"351640 FRANCO DA ROCHA";4;4
"351670 GARCA";3;3
"351760 GUAPIARA";1;1
"351770 GUARA";1;1
"351820 GUARARAPES";3;3
"351830 GUARAREMA";3;3
"351840 GUARATINGUETA";31;31
"351860 GUARIBA";2;2
"351870 GUARUJA";77;77
"351880 GUARULHOS";264;264
"351900 HERCULANDIA";1;1
"351905 HOLAMBRA";1;1
"351907 HORTOLANDIA";5;5
"351910 IACANGA";1;1
"351930 IBATE";1;1
"351950 IBIRAREMA";1;1
"351960 IBITINGA";7;7
"351970 IBIUNA";7;7
"352010 IGARAPAVA";3;3
"352020 IGARATA";1;1
"352030 IGUAPE";1;1
"352040 ILHABELA";4;4
"352044 ILHA SOLTEIRA";3;3
"352050 INDAIATUBA";22;22
"352090 IPAUSSU";1;1
"352100 IPERO";1;1
"352130 IPUA";1;1
"352160 IRAPURU";1;1
"352170 ITABERA";1;1
"352180 ITAI";3;3
"352190 ITAJOBI";1;1
"352210 ITANHAEM";23;23
"352220 ITAPECERICA DA SERRA";40;40
"352230 ITAPETININGA";26;26
"352240 ITAPEVA";61;61
"352250 ITAPEVI";54;54
"352260 ITAPIRA";2;2
"352270 ITAPOLIS";3;3
"352280 ITAPORANGA";1;1
"352290 ITAPUI";2;2
"352310 ITAQUAQUECETUBA";51;51
"352320 ITARARE";2;2
"352330 ITARIRI";2;2
"352340 ITATIBA";24;24
"352350 ITATINGA";1;1
"352360 ITIRAPINA";1;1
"352370 ITIRAPUA";1;1
"352390 ITU";37;37
"352400 ITUPEVA";2;2
"352410 ITUVERAVA";1;1
"352420 JABORANDI";1;1
"352430 JABOTICABAL";4;4
"352440 JACAREI";43;43
"352460 JACUPIRANGA";1;1
"352470 JAGUARIUNA";1;1
"352480 JALES";13;13
"352500 JANDIRA";3;3
"352520 JARINU";1;1
"352530 JAU";49;49
"352560 JOAO RAMALHO";1;1
"352570 JOSE BONIFACIO";6;6
"352580 JULIO MESQUITA";1;1
"352590 JUNDIAI";167;167
"352600 JUNQUEIROPOLIS";4;4
"352610 JUQUIA";1;1
"352620 JUQUITIBA";2;2
"352670 LEME";11;11
"352680 LENCOIS PAULISTA";5;5
"352690 LIMEIRA";55;55
"352710 LINS";20;20
"352720 LORENA";10;10
"352770 LUIZIANIA";1;1
"352840 MAIRINQUE";4;4
"352850 MAIRIPORA";8;8
"352860 MANDURI";1;1
"352900 MARILIA";71;71
"352920 MARTINOPOLIS";1;1
"352930 MATAO";20;20
"352940 MAUA";86;86
"352950 MENDONCA";1;1
"352990 MIRACATU";2;2
"353010 MIRANDOPOLIS";1;1
"353020 MIRANTE DO PARANAPANEMA";1;1
"353050 MOCOCA";9;9
"353060 MOGI DAS CRUZES";89;89
"353070 MOGI GUACU";26;26
"353080 MOGI MIRIM";16;16
"353090 MOMBUCA";1;1
"353110 MONGAGUA";5;5
"353140 MONTE APRAZIVEL";1;1
"353150 MONTE AZUL PAULISTA";1;1
"353180 MONTE MOR";1;1
"353190 MORRO AGUDO";1;1
"353200 MORUNGABA";2;2
"353210 MURUTINGA DO SUL";1;1
"353215 NANTES";1;1
"353230 NATIVIDADE DA SERRA";1;1
"353240 NAZARE PAULISTA";3;3
"353260 NHANDEARA";3;3
"353290 NOVA EUROPA";1;1
"353340 NOVA ODESSA";1;1
"353350 NOVO HORIZONTE";1;1
"353390 OLIMPIA";5;5
"353430 ORLANDIA";5;5
"353440 OSASCO";148;148
"353460 OSVALDO CRUZ";2;2
"353470 OURINHOS";17;17
"353480 OURO VERDE";1;1
"353510 PALMARES PAULISTA";1;1
"353530 PALMITAL";2;2
"353540 PANORAMA";1;1
"353550 PARAGUACU PAULISTA";1;1
"353560 PARAIBUNA";1;1
"353580 PARANAPANEMA";1;1
"353600 PARAPUA";1;1
"353620 PARIQUERA-ACU";36;36
"353650 PAULINIA";5;5
"353670 PEDERNEIRAS";3;3
"353700 PEDREGULHO";3;3
"353730 PENAPOLIS";6;6
"353740 PEREIRA BARRETO";2;2
"353760 PERUIBE";8;8
"353780 PIEDADE";7;7
"353790 PILAR DO SUL";3;3
"353800 PINDAMONHANGABA";33;33
"353850 PIQUETE";1;1
"353860 PIRACAIA";1;1
"353870 PIRACICABA";85;85
"353880 PIRAJU";2;2
"353890 PIRAJUI";1;1
"353900 PIRANGI";2;2
"353910 PIRAPORA DO BOM JESUS";2;2
"353920 PIRAPOZINHO";2;2
"353930 PIRASSUNUNGA";6;6
"353950 PITANGUEIRAS";1;1
"353980 POA";3;3
"354020 PONTAL";2;2
"354050 PORANGABA";2;2
"354060 PORTO FELIZ";3;3
"354070 PORTO FERREIRA";7;7
"354080 POTIRENDABA";1;1
"354100 PRAIA GRANDE";38;38
"354130 PRESIDENTE EPITACIO";5;5
"354140 PRESIDENTE PRUDENTE";94;94
"354150 PRESIDENTE VENCESLAU";1;1
"354210 RAFARD";1;1
"354220 RANCHARIA";4;4
"354260 REGISTRO";10;10
"354290 RIBEIRAO BONITO";1;1
"354330 RIBEIRAO PIRES";6;6
"354340 RIBEIRAO PRETO";231;231
"354390 RIO CLARO";50;50
"354400 RIO DAS PEDRAS";3;3
"354410 RIO GRANDE DA SERRA";4;4
"354420 RIOLANDIA";2;2
"354425 ROSANA";5;5
"354520 SALTO";7;7
"354530 SALTO DE PIRAPORA";3;3
"354540 SALTO GRANDE";1;1
"354580 SANTA BARBARA D'OESTE";5;5
"354630 SANTA CRUZ DAS PALMEIRAS";2;2
"354640 SANTA CRUZ DO RIO PARDO";12;12
"354660 SANTA FE DO SUL";3;3
"354670 SANTA GERTRUDES";1;1
"354680 SANTA ISABEL";10;10
"354730 SANTANA DE PARNAIBA";3;3
"354750 SANTA RITA DO PASSA QUATRO";1;1
"354760 SANTA ROSA DE VITERBO";2;2
"354780 SANTO ANDRE";153;153
"354790 SANTO ANTONIO DA ALEGRIA";1;1
"354840 SANTOPOLIS DO AGUAPEI";1;1
"354850 SANTOS";195;195
"354860 SAO BENTO DO SAPUCAI";1;1
"354870 SAO BERNARDO DO CAMPO";123;123
"354880 SAO CAETANO DO SUL";20;20
"354890 SAO CARLOS";43;43
"354910 SAO JOAO DA BOA VISTA";10;10
"354940 SAO JOAQUIM DA BARRA";8;8
"354970 SAO JOSE DO RIO PARDO";8;8
"354980 SAO JOSE DO RIO PRETO";141;141
"354990 SAO JOSE DOS CAMPOS";111;111
"355010 SAO MANUEL";1;1
"355030 SAO PAULO";2808;2808
"355040 SAO PEDRO";3;3
"355060 SAO ROQUE";15;15
"355070 SAO SEBASTIAO";6;6
"355100 SAO VICENTE";45;45
"355150 SERRANA";2;2
"355160 SERRA NEGRA";2;2
"355170 SERTAOZINHO";38;38
"355210 SOCORRO";4;4
"355220 SOROCABA";244;244
"355240 SUMARE";40;40
"355250 SUZANO";41;41
"355270 TABATINGA";3;3
"355280 TABOAO DA SERRA";63;63
"355300 TAGUAI";1;1
"355330 TAMBAU";2;2
"355360 TAPIRATIBA";1;1
"355370 TAQUARITINGA";3;3
"355395 TARUMA";1;1
"355400 TATUI";9;9
"355410 TAUBATE";104;104
"355430 TEODORO SAMPAIO";1;1
"355480 TREMEMBE";1;1
"355500 TUPA";10;10
"355540 UBATUBA";10;10
"355600 URUPES";1;1
"355610 VALENTIM GENTIL";3;3
"355620 VALINHOS";13;13
"355630 VALPARAISO";2;2
"355635 VARGEM";1;1
"355640 VARGEM GRANDE DO SUL";2;2
"355645 VARGEM GRANDE PAULISTA";1;1
"355650 VARZEA PAULISTA";3;3
"355700 VOTORANTIM";6;6
"355710 VOTUPORANGA";16;16
"410020 ADRIANOPOLIS";1;1
"410040 ALMIRANTE TAMANDARE";5;5
"410050 ALTONIA";2;2
"410060 ALTO PARANA";1;1
"410080 ALVORADA DO SUL";1;1
"410120 ANTONINA";1;1
"410140 APUCARANA";28;28
"410150 ARAPONGAS";13;13
"410160 ARAPOTI";3;3
"410170 ARARUNA";1;1
"410180 ARAUCARIA";23;23
"410190 ASSAI";1;1
"410200 ASSIS CHATEAUBRIAND";1;1
"410240 BANDEIRANTES";6;6
"410250 BARBOSA FERRAZ";1;1
"410260 BARRACAO";3;3
"410280 BELA VISTA DO PARAISO";1;1
"410290 BITURUNA";2;2
"410320 BOM SUCESSO";1;1
"410360 CAMBARA";2;2
"410370 CAMBE";1;1
"410390 CAMPINA DA LAGOA";1;1
"410395 CAMPINA DO SIMAO";1;1
"410400 CAMPINA GRANDE DO SUL";64;64
"410410 CAMPO DO TENENTE";1;1
"410420 CAMPO LARGO";97;97
"410425 CAMPO MAGRO";1;1
"410430 CAMPO MOURAO";52;52
"410440 CANDIDO DE ABREU";1;1
"410442 CANDOI";2;2
"410445 CANTAGALO";4;4
"410450 CAPANEMA";3;3
"410465 CARAMBEI";1;1
"410470 CARLOPOLIS";2;2
"410480 CASCAVEL";86;86
"410490 CASTRO";11;11
"410510 CENTENARIO DO SUL";1;1
"410530 CEU AZUL";2;2
"410550 CIANORTE";12;12
"410560 CIDADE GAUCHA";1;1
"410570 CLEVELANDIA";1;1
"410580 COLOMBO";12;12
"410590 COLORADO";1;1
"410600 CONGONHINHAS";2;2
"410640 CORNELIO PROCOPIO";15;15
"410645 CORONEL DOMINGOS SOARES";2;2
"410650 CORONEL VIVIDA";2;2
"410660 CRUZEIRO DO OESTE";1;1
"410680 CRUZ MACHADO";1;1
"410690 CURITIBA";509;509
"410700 CURIUVA";6;6
"410720 DOIS VIZINHOS";4;4
"410754 ESPIGAO ALTO DO IGUACU";1;1
"410760 FAXINAL";3;3
"410765 FAZENDA RIO GRANDE";4;4
"410785 FLOR DA SERRA DO SUL";2;2
"410800 FLORESTOPOLIS";1;1
"410810 FLORIDA";1;1
"410830 FOZ DO IGUACU";67;67
"410840 FRANCISCO BELTRAO";51;51
"410850 GENERAL CARNEIRO";2;2
"410860 GOIOERE";6;6
"410870 GRANDES RIOS";1;1
"410880 GUAIRA";4;4
"410940 GUARAPUAVA";80;80
"410960 GUARATUBA";1;1
"410965 HONORIO SERPA";1;1
"410970 IBAITI";4;4
"410975 IBEMA";3;3
"410980 IBIPORA";5;5
"411007 IMBAU";1;1
"411010 IMBITUVA";3;3
"411050 IPIRANGA";3;3
"411070 IRATI";31;31
"411080 IRETAMA";3;3
"411095 ITAIPULANDIA";1;1
"411125 ITAPERUCU";5;5
"411150 IVAIPORA";36;36
"411180 JACAREZINHO";9;9
"411190 JAGUAPITA";2;2
"411200 JAGUARIAIVA";8;8
"411210 JANDAIA DO SUL";2;2
"411280 JOAQUIM TAVORA";2;2
"411300 JUSSARA";1;1
"411320 LAPA";3;3
"411330 LARANJEIRAS DO SUL";10;10
"411350 LOANDA";1;1
"411370 LONDRINA";174;174
"411373 LUIZIANA";1;1
"411375 LUNARDELLI";2;2
"411380 LUPIONOPOLIS";1;1
"411390 MALLET";1;1
"411410 MANDAGUACU";2;2
"411420 MANDAGUARI";2;2
"411440 MANGUEIRINHA";2;2
"411450 MANOEL RIBAS";2;2
"411460 MARECHAL CANDIDO RONDON";4;4
"411490 MARILANDIA DO SUL";1;1
"411510 MARILUZ";1;1
"411520 MARINGA";93;93
"411530 MARIOPOLIS";2;2
"411535 MARIPA";1;1
"411540 MARMELEIRO";3;3
"411545 MARQUINHO";1;1
"411560 MATELANDIA";1;1
"411570 MATINHOS";1;1
"411580 MEDIANEIRA";1;1
"411610 MOREIRA SALES";1;1
"411620 MORRETES";1;1
"411630 MUNHOZ DE MELO";1;1
"411670 NOVA AURORA";1;1
"411680 NOVA CANTU";1;1
"411705 NOVA LARANJEIRAS";6;6
"411721 NOVA SANTA BARBARA";1;1
"411725 NOVA PRATA DO IGUACU";1;1
"411730 ORTIGUEIRA";4;4
"411750 PAICANDU";1;1
"411760 PALMAS";3;3
"411770 PALMEIRA";4;4
"411780 PALMITAL";3;3
"411790 PALOTINA";1;1
"411800 PARAISO DO NORTE";2;2
"411820 PARANAGUA";30;30
"411830 PARANAPOEMA";1;1
"411840 PARANAVAI";26;26
"411850 PATO BRANCO";48;48
"411915 PINHAIS";12;12
"411920 PINHALAO";3;3
"411930 PINHAO";6;6
"411940 PIRAI DO SUL";4;4
"411950 PIRAQUARA";3;3
"411960 PITANGA";8;8
"411980 PLANALTO";2;2
"411990 PONTA GROSSA";113;113
"412000 PORECATU";1;1
"412035 PRANCHITA";1;1
"412060 PRUDENTOPOLIS";6;6
"412070 QUATIGUA";2;2
"412090 QUEDAS DO IGUACU";3;3
"412100 QUERENCIA DO NORTE";2;2
"412140 REALEZA";1;1
"412150 REBOUCAS";1;1
"412170 RESERVA";3;3
"412175 RESERVA DO IGUACU";1;1
"412200 RIO AZUL";2;2
"412220 RIO BRANCO DO SUL";5;5
"412230 RIO NEGRO";5;5
"412240 ROLANDIA";4;4
"412260 RONDON";2;2
"412270 SABAUDIA";2;2
"412280 SALGADO FILHO";1;1
"412320 SANTA CECILIA DO PAVAO";1;1
"412340 SANTA FE";2;2
"412350 SANTA HELENA";3;3
"412370 SANTA ISABEL DO IVAI";1;1
"412380 SANTA IZABEL DO OESTE";1;1
"412385 SANTA MARIA DO OESTE";1;1
"412390 SANTA MARIANA";1;1
"412402 SANTA TEREZA DO OESTE";2;2
"412410 SANTO ANTONIO DA PLATINA";22;22
"412490 SAO JOAO DO CAIUA";1;1
"412510 SAO JOAO DO TRIUNFO";1;1
"412550 SAO JOSE DOS PINHAIS";40;40
"412560 SAO MATEUS DO SUL";1;1
"412570 SAO MIGUEL DO IGUACU";1;1
"412575 SAO PEDRO DO IGUACU";1;1
"412580 SAO PEDRO DO IVAI";1;1
"412600 SAO SEBASTIAO DA AMOREIRA";2;2
"412625 SARANDI";4;4
"412630 SENGES";1;1
"412660 SIQUEIRA CAMPOS";2;2
"412667 TAMARANA";2;2
"412680 TAPEJARA";1;1
"412710 TELEMACO BORBA";24;24
"412740 TERRA ROXA";2;2
"412750 TIBAGI";3;3
"412760 TIJUCAS DO SUL";4;4
"412770 TOLEDO";20;20
"412785 TRES BARRAS DO PARANA";1;1
"412788 TUNAS DO PARANA";1;1
"412796 TURVO";1;1
"412800 UBIRATA";2;2
"412810 UMUARAMA";36;36
"412820 UNIAO DA VITORIA";22;22
"412840 URAI";2;2
"412850 WENCESLAU BRAZ";1;1
"412853 VENTANIA";3;3
"412855 VERA CRUZ DO OESTE";1;1
"412862 ALTO PARAISO";1;1
"420010 ABELARDO LUZ";1;1
"420040 AGUA DOCE";1;1
"420090 ANGELINA";2;2
"420100 ANITA GARIBALDI";2;2
"420125 APIUNA";1;1
"420140 ARARANGUA";5;5
"420160 ARROIO TRINTA";1;1
"420200 BALNEARIO CAMBORIU";20;20
"420210 BARRA VELHA";1;1
"420213 BELA VISTA DO TOLDO";1;1
"420240 BLUMENAU";102;102
"420280 BRACO DO NORTE";1;1
"420285 BRACO DO TROMBUDO";1;1
"420290 BRUSQUE";10;10
"420300 CACADOR";14;14
"420315 CALMON";1;1
"420330 CAMPO ALEGRE";1;1
"420360 CAMPOS NOVOS";1;1
"420370 CANELINHA";1;1
"420380 CANOINHAS";1;1
"420390 CAPINZAL";1;1
"420410 CAXAMBU DO SUL";1;1
"420420 CHAPECO";39;39
"420430 CONCORDIA";17;17
"420455 CORREIA PINTO";2;2
"420460 CRICIUMA";42;42
"420480 CURITIBANOS";29;29
"420490 DESCANSO";1;1
"420500 DIONISIO CERQUEIRA";1;1
"420540 FLORIANOPOLIS";120;120
"420543 FORMOSA DO SUL";1;1
"420545 FORQUILHINHA";1;1
"420550 FRAIBURGO";4;4
"420590 GASPAR";4;4
"420610 GRAO PARA";1;1
"420640 GUARACIABA";2;2
"420690 IBIRAMA";3;3
"420700 ICARA";5;5
"420710 ILHOTA";1;1
"420730 IMBITUBA";3;3
"420750 INDAIAL";2;2
"420765 IPORA DO OESTE";2;2
"420770 IPUMIRIM";1;1
"420775 IRACEMINHA";1;1
"420790 IRINEOPOLIS";1;1
"420810 ITAIOPOLIS";3;3
"420820 ITAJAI";48;48
"420830 ITAPEMA";1;1
"420840 ITAPIRANGA";3;3
"420850 ITUPORANGA";2;2
"420880 JAGUARUNA";2;2
"420890 JARAGUA DO SUL";38;38
"420900 JOACABA";10;10
"420910 JOINVILLE";104;104
"420915 JOSE BOITEUX";1;1
"420930 LAGES";82;82
"420940 LAGUNA";1;1
"420950 LAURENTINO";1;1
"420960 LAURO MULLER";1;1
"420970 LEBON REGIS";2;2
"421003 LUZERNA";1;1
"421010 MAFRA";9;9
"421050 MARAVILHA";5;5
"421060 MASSARANDUBA";1;1
"421100 MONDAI";1;1
"421110 MONTE CASTELO";2;2
"421130 NAVEGANTES";1;1
"421150 NOVA TRENTO";1;1
"421160 NOVA VENEZA";1;1
"421170 ORLEANS";1;1
"421220 PAPANDUVA";3;3
"421260 PERITIBA";1;1
"421290 PINHALZINHO";2;2
"421320 POMERODE";1;1
"421340 PONTE SERRADA";3;3
"421360 PORTO UNIAO";2;2
"421400 PRESIDENTE GETULIO";1;1
"421430 RANCHO QUEIMADO";1;1
"421440 RIO DAS ANTAS";1;1
"421470 RIO DOS CEDROS";1;1
"421480 RIO DO SUL";35;35
"421500 RIO NEGRINHO";5;5
"421567 SANTA TEREZINHA";1;1
"421580 SAO BENTO DO SUL";11;11
"421600 SAO CARLOS";1;1
"421620 SAO FRANCISCO DO SUL";1;1
"421625 SAO JOAO DO OESTE";1;1
"421630 SAO JOAO BATISTA";1;1
"421650 SAO JOAQUIM";3;3
"421660 SAO JOSE";47;47
"421680 SAO JOSE DO CERRITO";1;1
"421720 SAO MIGUEL DO OESTE";2;2
"421770 SOMBRIO";3;3
"421780 TAIO";2;2
"421800 TIJUCAS";2;2
"421820 TIMBO";4;4
"421870 TUBARAO";55;55
"421890 URUBICI";2;2
"421900 URUSSANGA";1;1
"421930 VIDEIRA";5;5
"421935 VITOR MEIRELES";1;1
"421950 XANXERE";22;22
"430003 ACEGUA";1;1
"430030 ALECRIM";1;1
"430040 ALEGRETE";21;21
"430060 ALVORADA";28;28
"430064 AMETISTA DO SUL";2;2
"430080 ANTONIO PRADO";1;1
"430087 ARARICA";1;1
"430120 ARROIO DO TIGRE";1;1
"430130 ARROIO GRANDE";1;1
"430160 BAGE";28;28
"430200 BARROS CASSAL";1;1
"430210 BENTO GONCALVES";21;21
"430230 BOM JESUS";1;1
"430245 BOQUEIRAO DO LEAO";2;2
"430270 BUTIA";1;1
"430280 CACAPAVA DO SUL";2;2
"430300 CACHOEIRA DO SUL";19;19
"430310 CACHOEIRINHA";16;16
"430340 CAICARA";1;1
"430350 CAMAQUA";5;5
"430380 CAMPINAS DO SUL";1;1
"430390 CAMPO BOM";1;1
"430440 CANELA";1;1
"430450 CANGUCU";5;5
"430460 CANOAS";42;42
"430463 CAPAO DA CANOA";2;2
"430466 CAPAO DO LEAO";1;1
"430467 CAPIVARI DO SUL";1;1
"430470 CARAZINHO";3;3
"430480 CARLOS BARBOSA";2;2
"430510 CAXIAS DO SUL";130;130
"430517 CERRO GRANDE DO SUL";1;1
"430537 CHARRUA";1;1
"430580 CONSTANTINA";1;1
"430590 CORONEL BICACO";1;1
"430605 CRISTAL";1;1
"430610 CRUZ ALTA";7;7
"430640 DOIS IRMAOS";2;2
"430660 DOM PEDRITO";3;3
"430673 DOUTOR MAURICIO CARDOSO";1;1
"430676 ELDORADO DO SUL";2;2
"430680 ENCANTADO";1;1
"430690 ENCRUZILHADA DO SUL";2;2
"430700 ERECHIM";34;34
"430770 ESTEIO";6;6
"430780 ESTRELA";16;16
"430790 FARROUPILHA";2;2
"430820 FLORES DA CUNHA";1;1
"430830 FONTOURA XAVIER";2;2
"430850 FREDERICO WESTPHALEN";4;4
"430860 GARIBALDI";2;2
"430890 GETULIO VARGAS";2;2
"430910 GRAMADO";2;2
"430920 GRAVATAI";12;12
"430930 GUAIBA";3;3
"430960 HORIZONTINA";1;1
"430970 HUMAITA";1;1
"430990 IBIRAIARAS";1;1
"431000 IBIRUBA";1;1
"431010 IGREJINHA";2;2
"431020 IJUI";16;16
"431050 IRAI";1;1
"431060 ITAQUI";4;4
"431065 ITATI";1;1
"431080 IVOTI";4;4
"431100 JAGUARAO";1;1
"431110 JAGUARI";1;1
"431120 JULIO DE CASTILHOS";2;2
"431130 LAGOA VERMELHA";1;1
"431140 LAJEADO";13;13
"431150 LAVRAS DO SUL";1;1
"431170 MACHADINHO";1;1
"431180 MARAU";1;1
"431220 MAXIMILIANO DE ALMEIDA";1;1
"431225 MINAS DO LEAO";1;1
"431240 MONTENEGRO";6;6
"431262 MULITERNO";1;1
"431265 NAO-ME-TOQUE";1;1
"431306 NOVA HARTZ";1;1
"431310 NOVA PALMA";1;1
"431320 NOVA PETROPOLIS";2;2
"431337 NOVA SANTA RITA";1;1
"431340 NOVO HAMBURGO";67;67
"431370 PALMEIRA DAS MISSOES";6;6
"431380 PALMITINHO";1;1
"431390 PANAMBI";1;1
"431405 PAROBE";2;2
"431410 PASSO FUNDO";78;78
"431417 PEDRAS ALTAS";1;1
"431420 PEDRO OSORIO";1;1
"431440 PELOTAS";94;94
"431470 PLANALTO";1;1
"431490 PORTO ALEGRE";591;591
"431510 PORTO XAVIER";2;2
"431515 PROGRESSO";1;1
"431530 QUARAI";3;3
"431540 REDENTORA";2;2
"431550 RESTINGA SECA";1;1
"431560 RIO GRANDE";32;32
"431570 RIO PARDO";1;1
"431600 ROLANTE";1;1
"431610 RONDA ALTA";1;1
"431640 ROSARIO DO SUL";3;3
"431645 SALTO DO JACUI";2;2
"431680 SANTA CRUZ DO SUL";15;15
"431690 SANTA MARIA";78;78
"431710 SANT'ANA DO LIVRAMENTO";11;11
"431720 SANTA ROSA";10;10
"431730 SANTA VITORIA DO PALMAR";4;4
"431740 SANTIAGO";6;6
"431750 SANTO ANGELO";25;25
"431760 SANTO ANTONIO DA PATRULHA";3;3
"431780 SANTO AUGUSTO";3;3
"431800 SAO BORJA";13;13
"431820 SAO FRANCISCO DE PAULA";2;2
"431830 SAO GABRIEL";4;4
"431840 SAO JERONIMO";4;4
"431850 SAO JOSE DO NORTE";1;1
"431860 SAO JOSE DO OURO";1;1
"431870 SAO LEOPOLDO";18;18
"431880 SAO LOURENCO DO SUL";3;3
"431890 SAO LUIZ GONZAGA";8;8
"431900 SAO MARCOS";2;2
"431920 SAO NICOLAU";2;2
"431960 SAO SEPE";3;3
"431973 SAO VALERIO DO SUL";1;1
"431990 SAPIRANGA";3;3
"432000 SAPUCAIA DO SUL";5;5
"432010 SARANDI";1;1
"432020 SEBERI";1;1
"432035 SENTINELA DO SUL";1;1
"432070 SOBRADINHO";1;1
"432080 SOLEDADE";4;4
"432090 TAPEJARA";1;1
"432100 TAPERA";1;1
"432120 TAQUARA";5;5
"432130 TAQUARI";2;2
"432140 TENENTE PORTELA";1;1
"432145 TEUTONIA";1;1
"432146 TIO HUGO";1;1
"432150 TORRES";3;3
"432160 TRAMANDAI";13;13
"432170 TRES COROAS";2;2
"432180 TRES DE MAIO";4;4
"432200 TRIUNFO";4;4
"432215 TUNAS";1;1
"432220 TUPANCIRETA";1;1
"432230 TUPARENDI";1;1
"432240 URUGUAIANA";48;48
"432250 VACARIA";8;8
"432260 VENANCIO AIRES";6;6
"432280 VERANOPOLIS";4;4
"432300 VIAMAO";14;14
"500025 ALCINOPOLIS";1;1
"500060 AMAMBAI";19;19
"500070 ANASTACIO";3;3
"500100 APARECIDA DO TABOADO";1;1
"500110 AQUIDAUANA";10;10
"500124 ARAL MOREIRA";2;2
"500190 BATAGUASSU";1;1
"500200 BATAYPORA";4;4
"500210 BELA VISTA";5;5
"500220 BONITO";2;2
"500230 BRASILANDIA";2;2
"500240 CAARAPO";6;6
"500260 CAMAPUA";1;1
"500270 CAMPO GRANDE";336;336
"500280 CARACOL";2;2
"500290 CASSILANDIA";3;3
"500295 CHAPADAO DO SUL";4;4
"500315 CORONEL SAPUCAIA";6;6
"500320 CORUMBA";47;47
"500325 COSTA RICA";2;2
"500330 COXIM";3;3
"500370 DOURADOS";164;164
"500375 ELDORADO";3;3
"500400 GLORIA DE DOURADOS";1;1
"500410 GUIA LOPES DA LAGUNA";2;2
"500430 IGUATEMI";7;7
"500440 INOCENCIA";1;1
"500450 ITAPORA";1;1
"500460 ITAQUIRAI";3;3
"500480 JAPORA";4;4
"500500 JARDIM";1;1
"500510 JATEI";1;1
"500515 JUTI";1;1
"500525 LAGUNA CARAPA";2;2
"500540 MARACAJU";2;2
"500560 MIRANDA";4;4
"500568 MUNDO NOVO";2;2
"500570 NAVIRAI";10;10
"500600 NOVA ALVORADA DO SUL";1;1
"500620 NOVA ANDRADINA";2;2
"500630 PARANAIBA";8;8
"500635 PARANHOS";11;11
"500660 PONTA PORA";22;22
"500690 PORTO MURTINHO";4;4
"500710 RIBAS DO RIO PARDO";1;1
"500720 RIO BRILHANTE";1;1
"500730 RIO NEGRO";1;1
"500740 RIO VERDE DE MATO GROSSO";2;2
"500755 SANTA RITA DO PARDO";1;1
"500769 SAO GABRIEL DO OESTE";2;2
"500770 SETE QUEDAS";1;1
"500793 SONORA";2;2
"500795 TACURU";4;4
"500797 TAQUARUSSU";1;1
"500830 TRES LAGOAS";10;10
"510020 AGUA BOA";6;6
"510025 ALTA FLORESTA";19;19
"510030 ALTO ARAGUAIA";2;2
"510060 ALTO TAQUARI";1;1
"510140 ARIPUANA";8;8
"510170 BARRA DO BUGRES";12;12
"510180 BARRA DO GARCAS";60;60
"510190 BRASNORTE";1;1
"510250 CACERES";36;36
"510260 CAMPINAPOLIS";11;11
"510263 CAMPO NOVO DO PARECIS";2;2
"510267 CAMPO VERDE";4;4
"510268 CAMPOS DE JULIO";3;3
"510270 CANARANA";3;3
"510300 CHAPADA DOS GUIMARAES";2;2
"510320 COLIDER";14;14
"510325 COLNIZA";7;7
"510330 COMODORO";5;5
"510335 CONFRESA";9;9
"510337 COTRIGUACU";1;1
"510340 CUIABA";374;374
"510350 DIAMANTINO";5;5
"510370 FELIZ NATAL";2;2
"510385 GAUCHA DO NORTE";1;1
"510410 GUARANTA DO NORTE";7;7
"510480 JACIARA";5;5
"510500 JAURU";1;1
"510510 JUARA";6;6
"510515 JUINA";11;11
"510525 LUCAS DO RIO VERDE";4;4
"510550 VILA BELA DA SANTISSIMA TRINDADE";1;1
"510558 MARCELANDIA";2;2
"510560 MATUPA";2;2
"510590 NOBRES";1;1
"510600 NORTELANDIA";2;2
"510610 NOSSA SENHORA DO LIVRAMENTO";1;1
"510620 NOVA BRASILANDIA";1;1
"510622 NOVA MUTUM";4;4
"510625 NOVA XAVANTINA";4;4
"510629 PARANAITA";1;1
"510630 PARANATINGA";3;3
"510642 PEIXOTO DE AZEVEDO";7;7
"510650 POCONE";3;3
"510675 PONTES E LACERDA";9;9
"510677 PORTO ALEGRE DO NORTE";1;1
"510700 POXOREO";4;4
"510704 PRIMAVERA DO LESTE";15;15
"510706 QUERENCIA";1;1
"510710 SAO JOSE DOS QUATRO MARCOS";1;1
"510730 SAO JOSE DO RIO CLARO";2;2
"510740 SAO PEDRO DA CIPA";1;1
"510760 RONDONOPOLIS";54;54
"510770 ROSARIO OESTE";3;3
"510780 SANTO ANTONIO DO LEVERGER";2;2
"510785 SAO FELIX DO ARAGUAIA";3;3
"510787 SAPEZAL";3;3
"510790 SINOP";17;17
"510792 SORRISO";25;25
"510795 TANGARA DA SERRA";20;20
"510800 TAPURAH";1;1
"510805 TERRA NOVA DO NORTE";1;1
"510810 TESOURO";1;1
"510840 VARZEA GRANDE";41;41
"510860 VILA RICA";2;2
"520005 ABADIA DE GOIAS";2;2
"520010 ABADIANIA";1;1
"520013 ACREUNA";1;1
"520025 AGUAS LINDAS DE GOIAS";5;5
"520030 ALEXANIA";3;3
"520110 ANAPOLIS";87;87
"520140 APARECIDA DE GOIANIA";48;48
"520180 ARAGOIANIA";1;1
"520215 ARAGUAPAZ";1;1
"520250 ARUANA";1;1
"520340 BOM JARDIM DE GOIAS";2;2
"520450 CALDAS NOVAS";3;3
"520490 CAMPOS BELOS";2;2
"520510 CATALAO";8;8
"520530 CAVALCANTE";4;4
"520540 CERES";7;7
"520549 CIDADE OCIDENTAL";4;4
"520551 COCALZINHO DE GOIAS";1;1
"520552 COLINAS DO SUL";1;1
"520620 CRISTALINA";5;5
"520630 CRISTIANOPOLIS";1;1
"520670 DAMIANOPOLIS";1;1
"520740 EDEIA";1;1
"520800 FORMOSA";16;16
"520815 GAMELEIRA DE GOIAS";1;1
"520860 GOIANESIA";6;6
"520870 GOIANIA";811;811
"520890 GOIAS";3;3
"520910 GOIATUBA";2;2
"520920 GUAPO";1;1
"520970 HIDROLANDIA";2;2
"520990 IACIARA";2;2
"520995 INDIARA";1;1
"521010 IPAMERI";2;2
"521020 IPORA";2;2
"521040 ITABERAI";3;3
"521080 ITAJA";2;2
"521100 ITAPIRAPUA";1;1
"521120 ITAPURANGA";1;1
"521130 ITARUMA";1;1
"521140 ITAUCU";1;1
"521150 ITUMBIARA";7;7
"521180 JARAGUA";1;1
"521190 JATAI";10;10
"521250 LUZIANIA";6;6
"521270 MAMBAI";1;1
"521300 MAURILANDIA";2;2
"521308 MINACU";2;2
"521310 MINEIROS";5;5
"521350 MONTE ALEGRE DE GOIAS";1;1
"521370 MONTES CLAROS DE GOIAS";2;2
"521375 MONTIVIDIU";2;2
"521380 MORRINHOS";1;1
"521400 MOZARLANDIA";1;1
"521405 MUNDO NOVO";1;1
"521450 NEROPOLIS";1;1
"521460 NIQUELANDIA";2;2
"521483 NOVA CRIXAS";1;1
"521486 NOVA GLORIA";1;1
"521523 NOVO GAMA";1;1
"521560 PADRE BERNARDO";1;1
"521570 PALMEIRAS DE GOIAS";1;1
"521640 PARAUNA";1;1
"521680 PETROLINA DE GOIAS";1;1
"521710 PIRACANJUBA";5;5
"521720 PIRANHAS";1;1
"521740 PIRES DO RIO";2;2
"521760 PLANALTINA";7;7
"521770 PONTALINA";4;4
"521800 PORANGATU";1;1
"521810 PORTELANDIA";1;1
"521830 POSSE";5;5
"521850 QUIRINOPOLIS";4;4
"521860 RIALMA";1;1
"521880 RIO VERDE";20;20
"521890 RUBIATABA";1;1
"521975 SANTO ANTONIO DO DESCOBERTO";2;2
"522000 SAO JOAO D'ALIANCA";1;1
"522010 SAO LUIS DE MONTES BELOS";1;1
"522040 SAO SIMAO";1;1
"522045 SENADOR CANEDO";4;4
"522060 SILVANIA";2;2
"522140 TRINDADE";1;1
"522155 TURVELANDIA";1;1
"522185 VALPARAISO DE GOIAS";2;2
"522200 VIANOPOLIS";1;1
"530010 BRASILIA";858;858 
